<configs>

	<append xpath="/entity_classes">

		<entity_class name="ZombieTemplate2" extends="zombieTemplateMale">
			<property name="EntityType" value="Zombie" />
			<!--property name="Mesh" value="Zombies/zombie01Ragdoll" /-->
			<property name="Mesh" value="#Entities/Zombies?Zombies/zombie01Ragdoll.prefab"/>
			<property name="Prefab" value="NPC" />
			<property name="Class" value="EntityZombie" />
			<property name="Parent" value="Enemies" />
			<property name="IsEnemyEntity" value="true" />
			<property name="HandItem" value="meleeHandZombie01" />
			<property name="SoundAlert" value="Enemies/Base_Zombie_Male/zombiemalealert" />
			<property name="SoundSense" value="Enemies/Base_Zombie_Male/zombiemalesense" />
			<property name="SoundHurt" value="Enemies/Base_Zombie_Male/zombiemalepain" />
			<property name="SoundDeath" value="Enemies/Base_Zombie_Male/zombiemaledeath" />
			<property name="SoundAttack" value="Enemies/Base_Zombie_Male/zombiemaleattack" />
			<property name="DismemberMultiplierHead" value=".4"/><property name="DismemberMultiplierArms" value=".4"/><property name="DismemberMultiplierLegs" value=".4"/><!-- Radiated -->
			<property name="PainResistPerHit" value=".5"/><!-- Radiated -->
			<property name="AttackTimeoutDay" value="1.5" />
			<property name="AttackTimeoutNight" value="1.1" />
			<property name="WalkType" value="7" />
			<property name="ModelType" value="ZombieUMA" />
			<property name="RootMotion" value="true" />
			<property name="HasRagdoll" value="true" />
			<!--property name="AvatarController" value="AvatarZombieUMAController" /-->
			<property name="PhysicsBody" value="zombieUMA" />
			<property name="HasDeathAnim" value="false" />
			<property name="TimeStayAfterDeath" value="30" />
			<property name="ExperienceGain" value="0"/> <!-- Applies for all human Guards -->
			<property name="LootDropProb" value="0"/> <!-- Applies for all human Guards -->			
		</entity_class>
		
		<entity_class name="GuardTemplate" extends="animalTemplateTimid">
			<property name="HideInSpawnMenu" value="true"/>
			<property name="Tags" value="entity,animal,Guardrabbit,perkAT03"/>
			<property name="Class" value="EntityAnimalStag"/>
			<property name="Parent" value="Animals"/>
			<property name="Faction" value="animals"/>
			<property name="Mass" value="12"/>
			<property name="Weight" value="10"/>
			<property name="SwimOffset" value="2"/>
			<property name="HasRagdoll" value="false"/>
	
			<property name="MaxViewAngle" value="360"/>
			<property name="SightRange" value="40"/> <!-- distance in m -->
			<property name="SightLightThreshold" value="-2,150"/>

            <property name="AIGroupCircle" value="1"/>
	        <property name="AINoiseSeekDist" value="3"/>
	        <property name="AIPathCostScale" value=".4, .6"/>
			<property name="AITask-1" value="ApproachAndAttackTarget" data="class=EntityZombie,0,EntityEnemyAnimal,0"/>
			<property name="AITask-2" value="ApproachSpot"/>
			<property name="AITask-3" value="Look"/>
			<property name="AITask-4" value=""/>
			<property name="AITarget-1" value="SetAsTargetIfHurt"/>
			<property name="AITarget-2" value="BlockingTargetTask"/>
			<property name="AITarget-3" value="SetNearestEntityAsTarget" data="class=EntityZombie,0,0,EntityEnemyAnimal,0,0"/>
			<property name="AITarget-4" value=""/>

			<!-- Gameplay -->
			<property name="PainResistPerHit" value=".75"/>
			<property name="HandItem" value="meleeHandAnimalDireWolf"/>			
			<property name="ExperienceGain" value="0"/> <!-- GuardRabbit XP Removed -->	
			<property name="MoveSpeed" value="2.1"/>
			<property name="MoveSpeedAggro" value="2.2, 2.2"/>


			<property name="DeadBodyHitPoints" value="175"/>
		</entity_class>
		
		<entity_class name="GuardRabbit" extends="animalTemplateTimid">
			<property name="Tags" value="entity,animal,Guardrabbit,perkAT03"/>
			<property name="Class" value="EntityAnimalStag"/>
			<property name="Prefab" value="/Entities/Animals/Rabbit/RABBIT"/>
			<property name="SizeScale" value="2"/>
			<property name="Mesh" value=""/>
			<property name="Parent" value="Animals"/>
			<property name="Faction" value="animals"/>
			<property name="PhysicsBody" value="rabbit"/>
			<property name="Mass" value="12"/>
			<property name="Weight" value="10"/>
			<property name="SoundHurt" value="Animals/rabbitpain"/>
			<property name="SoundDeath" value="Animals/rabbitdeath"/>
			<property name="SwimOffset" value="2"/>
			<property name="HasRagdoll" value="false"/>
	
			<property name="MaxViewAngle" value="360"/>
			<property name="SightRange" value="40"/> <!-- distance in m -->
			<property name="SightLightThreshold" value="-2,150"/>

            <property name="AIGroupCircle" value="1"/>
	        <property name="AINoiseSeekDist" value="3"/>
	        <property name="AIPathCostScale" value=".4, .6"/>
			<property name="AITask-1" value="ApproachAndAttackTarget" data="class=EntityZombie,0,EntityEnemyAnimal,0"/>
			<property name="AITask-2" value="ApproachSpot"/>
			<property name="AITask-3" value="Look"/>
			<property name="AITask-4" value=""/>
			<property name="AITarget-1" value="SetAsTargetIfHurt"/>
			<property name="AITarget-2" value="BlockingTargetTask"/>
			<property name="AITarget-3" value="SetNearestEntityAsTarget" data="class=EntityZombie,0,0,EntityEnemyAnimal,0,0"/>
			<property name="AITarget-4" value=""/>

			<!-- Gameplay -->
			<property name="PainResistPerHit" value=".75"/>
			<property name="HandItem" value="meleeHandAnimalDireWolf"/>			
			<property name="ExperienceGain" value="0"/> <!-- GuardRabbit XP Removed -->	
			<property name="MoveSpeed" value="2.1"/>
			<property name="MoveSpeedAggro" value="2.2, 2.2"/>


			<property name="DeadBodyHitPoints" value="175"/>

			<drop event="Harvest" name="foodRawMeat" count="0" tool_category="Butcher"/>
			<drop event="Harvest" name="foodRawMeat" tag="butcherHarvest" count="10"/> <!-- animalRabbit -->
			<drop event="Harvest" name="resourceLeather" tag="butcherHarvest" count="2"/>
			<drop event="Harvest" name="resourceBone" tag="butcherHarvest" count="4"/>
			<drop event="Harvest" name="resourceBone" tag="allToolsHarvest" count="2"/>
			<drop event="Harvest" name="foodRawMeat" count="1" tag="WasteTreasuresCompleteHarvest"/>
			<drop event="Harvest" name="resourceLeather" count="1" tag="WasteTreasuresCompleteHarvest"/>
			<drop event="Harvest" name="resourceBone" count="1" tag="WasteTreasuresCompleteHarvest"/>

		<effect_group name="Base Effects">
			<passive_effect name="HealthMax" operation="base_set" value="200"/>
			<passive_effect name="HealthMax" operation="perc_add" value="0"/> <!-- Animal HP scale -->
			<triggered_effect trigger="onSelfFirstSpawn" action="ModifyCVar" target="self" cvar="EntityBoss" operation="set" value="1"/>
			<triggered_effect trigger="onOtherDamagedSelf" action="ModifyCVar" target="self" cvar="RadiatedRegenAmount" operation="set" value="5"/>
			<triggered_effect trigger="onOtherDamagedSelf" action="AddBuff" target="self" buff="buffRadiatedRegen"/>
		</effect_group>
		</entity_class>
	
		<entity_class name="PetBoar" extends="animalStag">				
			<property name="Prefab" value="/Entities/Animals/Boar/AnimalBoarStandardRagdoll"/>
			<property name="NPCID" value="PetBoar"/>
			<property name="IsEnemyEntity" value="false"/>
			<property name="SoundRandom" value="Animals/Boar/boarroam"/>
			<property name="SoundAlert" value="Animals/Boar/boaralert"/>
			<property name="SoundHurt" value="Animals/Boar/boarpain"/>
			<property name="SoundDeath" value="Animals/Boar/boardeath"/>
			<property name="SoundAttack" value="Animals/Boar/boarattack"/>
			<property name="SoundSense" value="Animals/Boar/boarsense"/>
			<property name="SoundGiveUp" value="Animals/Boar/boargiveup"/>
	
			<property name="AITask-1" value="RunawayWhenHurt"/>
			<property name="AITask-2" value="RunawayFromEntity" data="class=EntityZombie,EntityEnemyAnimal"/>
	
			<property name="PainResistPerHit" value=".5"/>
			<property name="JumpDelay" value=".1"/>
			<property name="JumpMaxDistance" value="0, 0"/>
			<property name="PainResistPerHit" value=".7"/>
			<property name="MoveSpeed" value="0.2"/>
			<property name="MoveSpeedAggro" value=".2, .2"/>
			<property name="MoveSpeedPanic" value=".3"/>
	
			<property name="ExperienceGain" value="35"/>
	
			<drop event="Harvest" name="foodRawMeat" count="0" tool_category="Butcher"/>
			<drop event="Harvest" name="foodRawMeat" tag="butcherHarvest" count="30"/> <!-- animalBoar -->
			<drop event="Harvest" name="resourceLeather" tag="butcherHarvest" count="7"/>
			<drop event="Harvest" name="resourceAnimalFat" count="4" tag="butcherHarvest"/>
			<drop event="Harvest" name="resourceBone" tag="butcherHarvest" count="15"/>
			<drop event="Harvest" name="resourceBone" tag="allToolsHarvest" count="5"/>
			<drop event="Harvest" name="foodRawMeat" count="1" tag="WasteTreasuresCompleteHarvest"/>
			<drop event="Harvest" name="resourceLeather" count="1" tag="WasteTreasuresCompleteHarvest"/>
			<drop event="Harvest" name="resourceBone" count="1" tag="WasteTreasuresCompleteHarvest"/>
		</entity_class>
		
		<entity_class name="PetRabbit" extends="animalTemplateTimid">				
			<property name="Tags" value="entity,animal,rabbit,perkAT01,perkAT02,perkAT03"/>
			<property name="Class" value="EntityAnimalRabbit"/>
			<property name="Prefab" value="/Entities/Animals/Rabbit/RABBIT"/>
			<property name="Mesh" value=""/>
			<property name="Parent" value="Animals"/>
			<property name="Faction" value="animals"/>
			<property name="PhysicsBody" value="rabbit"/>
			<property name="Mass" value="200"/>
			<property name="Weight" value="80"/>
			<property name="SoundHurt" value="Animals/rabbitpain"/>
			<property name="SoundDeath" value="Animals/rabbitdeath"/>
			<property name="SwimOffset" value="2"/>
			<property name="HasRagdoll" value="false"/>

			<property name="AITask-1" value="RunawayWhenHurt"/>
			<property name="AITask-2" value="RunawayFromEntity" data="class=EntityZombie,EntityEnemyAnimal"/> 

			<!-- Gameplay -->
			<property name="PainResistPerHit" value=".7"/>
			<property name="MoveSpeed" value="0.2"/>
			<property name="MoveSpeedAggro" value=".2, .2"/>
			<property name="MoveSpeedPanic" value=".3"/>

			<property name="ExperienceGain" value="10"/>
			<property name="DeadBodyHitPoints" value="175"/>

			<drop event="Harvest" name="foodRawMeat" count="0" tool_category="Butcher"/>
			<drop event="Harvest" name="foodRawMeat" tag="butcherHarvest" count="5"/> <!-- animalRabbit -->
			<drop event="Harvest" name="resourceLeather" tag="butcherHarvest" count="1"/>
			<drop event="Harvest" name="resourceBone" tag="butcherHarvest" count="2"/>
			<drop event="Harvest" name="resourceBone" tag="allToolsHarvest" count="2"/>
			<drop event="Harvest" name="foodRawMeat" count="1" tag="WasteTreasuresCompleteHarvest"/>
			<drop event="Harvest" name="resourceLeather" count="1" tag="WasteTreasuresCompleteHarvest"/>
			<drop event="Harvest" name="resourceBone" count="1" tag="WasteTreasuresCompleteHarvest"/>

		<effect_group name="Base Effects">
			<passive_effect name="HealthMax" operation="base_set" value="10"/>
			<passive_effect name="HealthMax" operation="perc_add" value="0"/> <!-- Animal HP scale -->
		</effect_group>
		</entity_class>
	
		<entity_class name="PetStag" extends="animalTemplateTimid">
			<property name="Tags" value="entity,animal,deer,perkAT02,perkAT03"/>
			<property name="AvatarController" value="AvatarAnimalController"/>
			<property name="ModelType" value="Standard"/>
			<property name="Prefab" value="/Entities/Animals/Deer/animalDeerStagRagdoll"/>
			<property name="Mesh" value=""/>
			<property name="Parent" value="Animals"/>
			<property name="HasDeathAnim" value="true"/>
			<property name="HasRagdoll" value="true"/>
			<property name="RootMotion" value="true"/>
			<property name="RotateToGround" value="true"/>
			<property name="Faction" value="animals"/>
			<property name="PhysicsBody" value="Doe"/>
			<property name="Mass" value="280"/>
			<property name="Weight" value="80"/>
			<property name="SurfaceCategory" value="organic"/>
			<property name="ParticleOnDeath" value="blood_death"/>
			<property name="SoundHurt" value="Animals/stagpain"/>
			<property name="SoundDeath" value="Animals/stagdeath"/>
			<property name="SightRange" value="37"/>  <!-- distance in m -->
  
			<property name="AITask-1" value="RunawayWhenHurt"/>
			<property name="AITask-2" value="RunawayFromEntity" data="class=EntityZombie,EntityEnemyAnimal"/>

			<!-- Gameplay -->
			<property name="PainResistPerHit" value=".75"/>
			<property name="MaxTurnSpeed" value="220"/>
			<property name="PainResistPerHit" value=".7"/>
			<property name="MoveSpeed" value="0.2"/>
			<property name="MoveSpeedAggro" value=".2, .2"/>
			<property name="MoveSpeedPanic" value=".3"/>
			<property name="ExperienceGain" value="45"/>
			<property name="TimeStayAfterDeath" value="300"/>

			<drop event="Harvest" name="foodRawMeat" count="0" tool_category="Butcher"/> <!-- this triggers the special harvesting animation like on the knife -->
			<drop event="Harvest" name="foodRawMeat" tag="butcherHarvest" count="30"/> <!-- animalStag -->
			<drop event="Harvest" name="resourceLeather" tag="butcherHarvest" count="9"/>
			<drop event="Harvest" name="resourceAnimalFat" tag="butcherHarvest" count="3"/>
			<drop event="Harvest" name="resourceBone" tag="butcherHarvest" count="25"/>
			<drop event="Harvest" name="resourceBone" tag="allToolsHarvest" count="7"/>
			<drop event="Harvest" name="foodRawMeat" count="1" tag="WasteTreasuresCompleteHarvest"/>
			<drop event="Harvest" name="resourceLeather" count="1" tag="WasteTreasuresCompleteHarvest"/>
			<drop event="Harvest" name="resourceBone" count="1" tag="WasteTreasuresCompleteHarvest"/>
		<effect_group name="Base Effects">
			<passive_effect name="HealthMax" operation="base_set" value="100"/>
			<passive_effect name="HealthMax" operation="perc_add" value="0"/> <!-- Animal HP scale -->
		</effect_group>
		</entity_class>

		<entity_class name="PetChicken" extends="animalTemplateTimid">
			<property name="Tags" value="entity,animal,chicken,perkAT01,perkAT02,perkAT03"/>
			<property name="MapIcon" value="ui_game_symbol_tracking_chicken"/>
			<property name="TrackerIcon" value="ui_game_symbol_tracking_chicken"/>
			<property name="Prefab" value="/Entities/Animals/CHICKEN/chickenPrefab"/>
			<property name="Class" value="EntityAnimalRabbit"/>
			<property name="Parent" value="Animals"/>
			<property name="Faction" value="animals"/>
			<property name="PhysicsBody" value="chicken"/>
			<property name="Mass" value="150"/>
			<property name="Weight" value="100"/>
			<property name="SoundHurt" value="Animals/Chicken/chickenpain"/>
			<property name="SoundDeath" value="Animals/Chicken/chickendeath"/>
			<property name="PainResistPerHit" value=".7"/>
			<property name="MoveSpeed" value="0.2"/>
			<property name="MoveSpeedAggro" value=".2, .2"/>
			<property name="MoveSpeedPanic" value=".3"/>
			<property name="SwimOffset" value="2"/>
			<property name="HasRagdoll" value="false"/>
			<property name="HasDeathAnim" value="false"/>
	
			<property name="AITask-1" value="RunawayWhenHurt"/>
			<property name="AITask-2" value="RunawayFromEntity" data="class=EntityZombie,EntityEnemyAnimal"/>	

			<!-- Gameplay -->
			<property name="MoveSpeedPanic" value=".3"/>
			<property name="ExperienceGain" value="13"/>
			<property name="DeadBodyHitPoints" value="175"/>
			<drop event="Harvest" name="foodRawMeat" count="0" tool_category="Butcher"/>
			<drop event="Harvest" name="foodRawMeat" tag="butcherHarvest" count="10"/> <!-- animalChicken -->
			<drop event="Harvest" name="resourceFeather" tag="butcherHarvest" count="23"/>
			<drop event="Harvest" name="resourceBone" tag="butcherHarvest" count="4"/>
			<drop event="Harvest" name="resourceBone" tag="allToolsHarvest" count="2"/>
			<drop event="Harvest" name="foodRawMeat" count="1" tag="WasteTreasuresCompleteHarvest"/>
			<drop event="Harvest" name="resourceLeather" count="1" tag="WasteTreasuresCompleteHarvest"/>
			<drop event="Harvest" name="resourceBone" count="1" tag="WasteTreasuresCompleteHarvest"/>
		<effect_group name="Base Effects">
			<passive_effect name="HealthMax" operation="base_set" value="10"/>
			<passive_effect name="HealthMax" operation="perc_add" value="0"/> <!-- Animal HP scale -->
		</effect_group>
		</entity_class>

		<entity_class name="PetPig" extends="animalTemplateTimid">
			<property name="Tags" value="entity,animal"/>
			<property name="Mesh" value="Animals/Pig/PIG"/>
			<property name="Prefab" value="NPC"/>
			<property name="Class" value="EntityAnimalStag"/>
			<property name="Parent" value="Animals"/>
			<property name="SoundHurt" value="Animals/Boar/boarpain"/>
			<property name="SoundDeath" value="Animals/Boar/boardeath"/>
			<property name="PainResistPerHit" value=".7"/>
			<property name="MoveSpeed" value="0.2"/>
			<property name="MoveSpeedAggro" value=".2, .2"/>
			<property name="MoveSpeedPanic" value=".3"/>
			<property name="PhysicsBody" value="pig"/>
			<property name="ExperienceGain" value="40"/>
			<property name="SwimOffset" value="0.7"/>
			<property name="Faction" value="animals"/>
			<property name="HasRagdoll" value="true"/>
	
			<property name="AITask-1" value="RunawayWhenHurt"/>
			<property name="AITask-2" value="RunawayFromEntity" data="class=EntityZombie,EntityEnemyAnimal"/>	
	
			<drop event="Harvest" name="foodRawMeat" count="0" tool_category="Butcher"/>
			<drop event="Harvest" name="foodRawMeat" tag="butcherHarvest" count="5"/>
			<drop event="Harvest" name="resourceLeather" tag="butcherHarvest" count="7"/>
			<drop event="Harvest" name="resourceAnimalFat" tag="butcherHarvest" count="6"/>
			<drop event="Harvest" name="resourceBone" tag="butcherHarvest" count="15"/>
			<drop event="Harvest" name="resourceBone" tag="allToolsHarvest" count="5"/>
		</entity_class>

		<entity_class name="PetBear" extends="GuardTemplate">
			<property name="Tags" value="entity,animal,bear,perkAT03"/>
			<property name="SizeScale" value=".4"/>
			<property name="AvatarController" value="AvatarAnimalController"/>
			<property name="ModelType" value="Standard"/>
			<property name="HasRagdoll" value="true"/>
			<property name="HasDeathAnim" value="true"/>
			<property name="RootMotion" value="true"/>
			<property name="RagdollOnDeathChance" value=".5"/>
			<property name="PhysicsBody" value="bear"/>
			<property name="Mass" value="600"/>
			<property name="Prefab" value="/Entities/Animals/Bear/animalBearStandardRagdoll"/>

			<property name="PainResistPerHit" value=".75"/>
			<property name="MaxTurnSpeed" value="220"/>
			<property name="PainResistPerHit" value=".7"/>
			<property name="MoveSpeed" value="0.2"/>
			<property name="MoveSpeedAggro" value=".2, .2"/>
			<property name="MoveSpeedPanic" value=".3"/>
			<property name="ExperienceGain" value="50"/>
			<property name="TimeStayAfterDeath" value="300"/>

			<property name="SoundHurt" value="Animals/Bear/bearpain"/>
			<property name="SoundDeath" value="Animals/Bear/beardeath"/>
			<property name="SoundRandom" value="Animals/Bear/bearroam"/>
			<property name="SoundSense" value="Animals/Bear/bearsense"/>
			<property name="SoundAlert" value="Animals/Bear/bearalert"/>
			<property name="SoundAttack" value="Animals/Bear/bearattack"/>
			<property name="SoundFootstepModifier" value="Animals/Bear/bear_footstep"/>
			<property name="SoundGiveUp" value="Animals/Bear/beargiveup"/>
	
			<property name="AITask-1" value="RunawayWhenHurt"/>
			<property name="AITask-2" value="RunawayFromEntity" data="class=EntityZombie,EntityEnemyAnimal"/>	

			<!-- Gameplay -->
			<property name="PainResistPerHit" value="1"/>
			<property name="DeadBodyHitPoints" value="600"/>

			<drop event="Harvest" name="foodRawMeat" count="0" tool_category="Butcher"/>
			<drop event="Harvest" name="foodRawMeat" tag="butcherHarvest" count="50"/> <!-- animalBear -->
			<drop event="Harvest" name="resourceLeather" tag="butcherHarvest" count="15"/>
			<drop event="Harvest" name="resourceAnimalFat" tag="butcherHarvest" count="5"/>
			<drop event="Harvest" name="resourceBone" tag="butcherHarvest" count="25"/>
			<drop event="Harvest" name="resourceBone" tag="allToolsHarvest" count="5"/>
			<drop event="Harvest" name="resourceTestosteroneExtract" tag="butcherHarvest" count="2"/>
			<drop event="Harvest" name="foodRawMeat" count="1" tag="WasteTreasuresCompleteHarvest"/>
			<drop event="Harvest" name="resourceLeather" count="1" tag="WasteTreasuresCompleteHarvest"/>
			<drop event="Harvest" name="resourceBone" count="1" tag="WasteTreasuresCompleteHarvest"/>

		<effect_group name="Base Effects">
			<passive_effect name="HealthMax" operation="base_set" value="600"/>
			<passive_effect name="HealthMax" operation="perc_add" value="0"/> <!-- Animal HP scale -->
		</effect_group>
		</entity_class>

		<entity_class name="PetWolf" extends="animalTemplateTimid">
			<property name="Tags" value="entity,animal,hostile,wolf,perkAT02,perkAT03"/>
			<property name="AvatarController" value="AvatarAnimalController"/>
			<property name="ModelType" value="Standard"/>
			<property name="HasRagdoll" value="true"/>
			<property name="PhysicsBody" value="wolf"/>
			<property name="Mass" value="95"/>
			<property name="Prefab" value="/Entities/Animals/Wolf/animalStandardWolfRagdoll"/>
			<property name="Mesh" value=""/>
			<property name="HasDeathAnim" value="true"/>
			<property name="RootMotion" value="true"/>
			<property name="RagdollOnDeathChance" value=".5"/>
	
			<property name="PainResistPerHit" value=".75"/>
			<property name="MaxTurnSpeed" value="220"/>
			<property name="PainResistPerHit" value=".7"/>
			<property name="MoveSpeed" value="0.2"/>
			<property name="MoveSpeedAggro" value=".2, .2"/>
			<property name="MoveSpeedPanic" value=".3"/>
			<property name="ExperienceGain" value="45"/>
			<property name="TimeStayAfterDeath" value="300"/>

			<property name="SoundRandom" value="wolfroam"/>
			<property name="SoundAlert" value="wolfalert"/>
			<property name="SoundHurt" value="wolfpain"/>
			<property name="SoundDeath" value="wolfdeath"/>
			<property name="SoundAttack" value="wolfattack"/>
			<property name="SoundSense" value="wolfsense"/>
			<property name="SoundGiveUp" value="wolfgiveup"/>

		<effect_group name="Base Effects">
			<passive_effect name="HealthMax" operation="base_set" value="200"/>
			<passive_effect name="HealthMax" operation="perc_add" value="0"/> <!-- Animal HP scale -->
		</effect_group>
	
			<property name="AITask-1" value="RunawayWhenHurt"/>
			<property name="AITask-2" value="RunawayFromEntity" data="class=EntityZombie,EntityEnemyAnimal"/>	

			<drop event="Harvest" name="foodRawMeat" count="0" tool_category="Butcher"/>
			<drop event="Harvest" name="foodRawMeat" tag="butcherHarvest" count="25"/> <!-- animalWolf -->
			<drop event="Harvest" name="resourceLeather" tag="butcherHarvest" count="10"/>
			<drop event="Harvest" name="resourceAnimalFat" tag="butcherHarvest" count="3"/>
			<drop event="Harvest" name="resourceBone" tag="butcherHarvest" count="15"/>
			<drop event="Harvest" name="resourceBone" tag="allToolsHarvest" count="5"/>
			<drop event="Harvest" name="foodRawMeat" count="1" tag="WasteTreasuresCompleteHarvest"/>
			<drop event="Harvest" name="resourceLeather" count="1" tag="WasteTreasuresCompleteHarvest"/>
			<drop event="Harvest" name="resourceBone" count="1" tag="WasteTreasuresCompleteHarvest"/>
		</entity_class>

		<entity_class name="PetCoyote" extends="PetWolf">
			<property name="Tags" value="entity,animal,coyote,perkAT02,perkAT03"/>
			<property name="Prefab" value="/Entities/Animals/Wolf/animalStandardCoyoteRagdoll"/>
	
			<property name="SoundRandom" value="coyoteroam"/>
			<property name="SoundHurt" value="wolfpain"/>
			<property name="SoundDeath" value="wolfdeath"/>

			<property name="ExperienceGain" value="20"/>
			<property name="DeadBodyHitPoints" value="200"/>

		<effect_group name="Base Effects">
			<passive_effect name="HealthMax" operation="base_set" value="100"/>
			<passive_effect name="HealthMax" operation="perc_add" value="0"/>
			<!-- Animal HP scale -->
		</effect_group>
	
			<property name="AITask-1" value="RunawayWhenHurt"/>
			<property name="AITask-2" value="RunawayFromEntity" data="class=EntityZombie,EntityEnemyAnimal"/>	

			<drop event="Harvest" name="foodRawMeat" count="0" tool_category="Butcher"/>
			<drop event="Harvest" name="foodRawMeat" tag="butcherHarvest" count="12"/>
			<drop event="Harvest" name="resourceLeather" tag="butcherHarvest" count="5"/>
			<drop event="Harvest" name="resourceAnimalFat" tag="butcherHarvest" count="2"/>
			<drop event="Harvest" name="resourceBone" tag="butcherHarvest" count="8"/>
			<drop event="Harvest" name="resourceBone" tag="allToolsHarvest" count="3"/>
			<drop event="Harvest" name="foodRawMeat" count="1" tag="WasteTreasuresCompleteHarvest"/>
			<drop event="Harvest" name="resourceLeather" count="1" tag="WasteTreasuresCompleteHarvest"/>
			<drop event="Harvest" name="resourceBone" count="1" tag="WasteTreasuresCompleteHarvest"/>
		</entity_class>

		<entity_class name="PetDoe" extends="PetStag">
			<property name="Prefab" value="/Entities/Animals/Deer/animalDeerDoeRagdoll"/>
			<property name="Mass" value="110"/>
	
			<property name="AITask-1" value="RunawayWhenHurt"/>
			<property name="AITask-2" value="RunawayFromEntity" data="class=EntityZombie,EntityEnemyAnimal"/>	

			<!-- Gameplay -->
			<drop event="Harvest" name="foodRawMeat" count="0" tool_category="Butcher"/>
			<drop event="Harvest" name="foodRawMeat" tag="butcherHarvest" count="20"/> <!-- animalStag -->
			<drop event="Harvest" name="resourceLeather" tag="butcherHarvest" count="6"/>
			<drop event="Harvest" name="resourceAnimalFat" tag="butcherHarvest" count="2"/>
			<drop event="Harvest" name="resourceBone" tag="butcherHarvest" count="15"/>
			<drop event="Harvest" name="resourceBone" tag="allToolsHarvest" count="5"/>
			<drop event="Harvest" name="foodRawMeat" count="1" tag="WasteTreasuresCompleteHarvest"/>
			<drop event="Harvest" name="resourceLeather" count="1" tag="WasteTreasuresCompleteHarvest"/>
			<drop event="Harvest" name="resourceBone" count="1" tag="WasteTreasuresCompleteHarvest"/>
	
			<property name="ExperienceGain" value="40"/>


		<effect_group name="Base Effects">
			<passive_effect name="HealthMax" operation="base_set" value="50"/>
			<passive_effect name="HealthMax" operation="perc_add" value="0"/> <!-- Animal HP scale -->
		</effect_group>
		</entity_class>

		<entity_class name="GuardHellBear" extends="GuardTemplate">
			<property name="Tags" value="entity,animal,hostile,GuardHellBear,perkAT03"/>
			<property name="Class" value="EntityAnimalStag"/>
			<property name="SizeScale" value="0.7"/>
			<property name="AvatarController" value="AvatarAnimalController"/>
			<property name="ModelType" value="Standard"/>
			<property name="HasRagdoll" value="true"/>
			<property name="HasDeathAnim" value="true"/>
			<property name="RootMotion" value="true"/>
			<property name="RagdollOnDeathChance" value=".5"/>
			<property name="PhysicsBody" value="bear"/>
			<property name="Mass" value="600"/>
			<property name="LookAtAngle" value="360"/>
			<property name="Prefab" value="/Entities/Animals/Bear/animalBearStandardRagdoll"/>
			<property name="ReplaceMaterial0" value="entities/gore/materials/torso_gore"/>
			<property name="ReplaceMaterial1" value="#Entities/Zombies?Zombies/Materials/rad_eye.mat"/>
	
			<property name="MoveSpeed" value="2.1"/>
			<property name="MoveSpeedAggro" value="2.2, 2.2"/>

			<property name="AITask-1" value="ApproachAndAttackTarget" data="class=EntityZombie,0,EntityEnemyAnimal,0"/>
			<property name="AITask-2" value="ApproachSpot"/>
			<property name="AITask-3" value="Look"/>
			<property name="AITask-4" value=""/>
			<property name="AITarget-1" value="SetAsTargetIfHurt" data="class=EntityZombie,0,0,EntityEnemyAnimal,0,0"/>
			<property name="AITarget-2" value="BlockingTargetTask"/>
			<property name="AITarget-3" value="SetNearestEntityAsTarget" data="class=EntityZombie,0,0,EntityEnemyAnimal,0,0"/>
			<property name="AITarget-4" value=""/>

			<property name="SoundHurt" value="Animals/Bear/bearpain"/>
			<property name="SoundDeath" value="Animals/Bear/beardeath"/>
			<property name="SoundRandom" value="Animals/Bear/bearroam"/>
			<property name="SoundSense" value="Animals/Bear/bearsense"/>
			<property name="SoundAlert" value="Animals/Bear/bearalert"/>
			<property name="SoundAttack" value="Animals/Bear/bearattack"/>
			<property name="SoundFootstepModifier" value="Animals/Bear/bear_footstep"/>
			<property name="SoundGiveUp" value="Animals/Bear/beargiveup"/>
	
			<property name="MaxViewAngle" value="360"/>
			<property name="SightRange" value="30"/> <!-- distance in m -->
			<property name="SightLightThreshold" value="-2,150"/>

			<!-- Gameplay -->
			<property name="PainResistPerHit" value="1"/>
			<property name="HandItem" value="meleeHandAnimalDireWolf"/>				
			<property name="ExperienceGain" value="0"/> <!-- GuardHellBear XP Removed -->
			<property name="DeadBodyHitPoints" value="600"/>
			<property name="CanClimbLadders" value="True"/>	

			<drop event="Harvest" name="foodRawMeat" count="0" tool_category="Butcher"/>
			<drop event="Harvest" name="foodRawMeat" tag="butcherHarvest" count="50"/> <!-- animalBear -->
			<drop event="Harvest" name="resourceLeather" tag="butcherHarvest" count="15"/>
			<drop event="Harvest" name="resourceAnimalFat" tag="butcherHarvest" count="5"/>
			<drop event="Harvest" name="resourceBone" tag="butcherHarvest" count="25"/>
			<drop event="Harvest" name="resourceBone" tag="allToolsHarvest" count="5"/>
			<drop event="Harvest" name="resourceTestosteroneExtract" tag="butcherHarvest" count="2"/>
			<drop event="Harvest" name="foodRawMeat" count="1" tag="WasteTreasuresCompleteHarvest"/>
			<drop event="Harvest" name="resourceLeather" count="1" tag="WasteTreasuresCompleteHarvest"/>
			<drop event="Harvest" name="resourceBone" count="1" tag="WasteTreasuresCompleteHarvest"/>

		<effect_group name="Base Effects">
			<passive_effect name="HealthMax" operation="base_set" value="600"/>
			<passive_effect name="HealthMax" operation="perc_set" value="1"/> <!-- Zombie HP scale -->
			<passive_effect name="PhysicalDamageResist" operation="base_set" value="20"/>
			<triggered_effect trigger="onSelfFirstSpawn" action="AddBuff" target="self" buff="GuardbearDeco"/>
			<triggered_effect trigger="onSelfFirstSpawn" action="ModifyCVar" target="self" cvar="EntityBoss" operation="set" value="1"/>
			<triggered_effect trigger="onOtherDamagedSelf" action="ModifyCVar" target="self" cvar="RadiatedRegenAmount" operation="set" value="5"/>
			<triggered_effect trigger="onOtherDamagedSelf" action="AddBuff" target="self" buff="buffRadiatedRegen"/>
		</effect_group>
		</entity_class>
	
		<entity_class name="GuardHellBoar" extends="GuardTemplate">
			<property name="Tags" value="entity,animal"/>
			<property name="Class" value="EntityAnimalStag"/>
			<property name="SizeScale" value="1"/>
			<property name="IsEnemyEntity" value="false"/><!-- override hostile template setting so he can spawn in safe zones -->
			<property name="AvatarController" value="AvatarAnimalController"/>
			<property name="ModelType" value="Standard"/>
			<property name="HasRagdoll" value="true"/>
			<property name="PhysicsBody" value="boar"/>
			<property name="Mass" value="200"/>
			<property name="Prefab" value="/Entities/Animals/Boar/AnimalBoarStandardRagdoll"/>
			<property name="HasDeathAnim" value="true"/>
			<property name="RootMotion" value="true"/>
			<property name="RagdollOnDeathChance" value=".5"/>
			<property name="ReplaceMaterial0" value="entities/gore/materials/torso_gore"/>
			<property name="ReplaceMaterial1" value="#Entities/Zombies?Zombies/Materials/rad_eye.mat"/>
	
			<property name="AITask-1" value="ApproachAndAttackTarget" data="class=EntityZombie,0,EntityEnemyAnimal,0"/>
			<property name="AITask-2" value="ApproachSpot"/>
			<property name="AITask-3" value="Look"/>
			<property name="AITask-4" value=""/>
			<property name="AITarget-1" value="SetAsTargetIfHurt" data="class=EntityZombie,0,0,EntityEnemyAnimal,0,0"/>
			<property name="AITarget-2" value="BlockingTargetTask"/>
			<property name="AITarget-3" value="SetNearestEntityAsTarget" data="class=EntityZombie,0,0,EntityEnemyAnimal,0,0"/>
			<property name="AITarget-4" value=""/>
	
			<property name="CanClimbVertical" value="true"/>

			<property name="SoundRandom" value="Animals/Boar/boarroam"/>
			<property name="SoundAlert" value="Animals/Boar/boaralert"/>
			<property name="SoundHurt" value="Animals/Boar/boarpain"/>
			<property name="SoundDeath" value="Animals/Boar/boardeath"/>
			<property name="SoundAttack" value="Animals/Boar/boarattack"/>
	
			<property name="MaxViewAngle" value="360"/>
			<property name="SightRange" value="30"/> <!-- distance in m -->
			<property name="SightLightThreshold" value="-2,150"/>

			<!-- Gameplay -->
			<property name="PainResistPerHit" value=".75"/>
			<property name="HandItem" value="meleeHandAnimalDireWolf"/>				
			<property name="ExperienceGain" value="0"/> <!-- GuardHellBoar XP Removed -->	
			<property name="MoveSpeed" value="2.1"/>
			<property name="MoveSpeedAggro" value="2.2, 2.2"/>

			<drop event="Harvest" name="foodRawMeat" count="0" tool_category="Butcher"/>
			<drop event="Harvest" name="foodRawMeat" tag="butcherHarvest" count="30"/> <!-- animalBoar -->
			<drop event="Harvest" name="resourceLeather" tag="butcherHarvest" count="7"/>
			<drop event="Harvest" name="resourceAnimalFat" count="4" tag="butcherHarvest"/>
			<drop event="Harvest" name="resourceBone" tag="butcherHarvest" count="15"/>
			<drop event="Harvest" name="resourceBone" tag="allToolsHarvest" count="5"/>
			<drop event="Harvest" name="foodRawMeat" count="1" tag="WasteTreasuresCompleteHarvest"/>
			<drop event="Harvest" name="resourceLeather" count="1" tag="WasteTreasuresCompleteHarvest"/>
			<drop event="Harvest" name="resourceBone" count="1" tag="WasteTreasuresCompleteHarvest"/>

		<effect_group name="Base Effects">
			<triggered_effect trigger="onSelfFirstSpawn" action="AddBuff" target="self" buff="GuardBoarDeco"/>
			<passive_effect name="HealthMax" operation="base_set" value="700"/>
			<passive_effect name="HealthMax" operation="perc_add" value="0"/> <!-- Animal HP scale -->
			<triggered_effect trigger="onSelfFirstSpawn" action="ModifyCVar" target="self" cvar="EntityBoss" operation="set" value="1"/>
			<triggered_effect trigger="onOtherDamagedSelf" action="ModifyCVar" target="self" cvar="RadiatedRegenAmount" operation="set" value="5"/>
			<triggered_effect trigger="onOtherDamagedSelf" action="AddBuff" target="self" buff="buffRadiatedRegen"/>
		</effect_group>
		</entity_class>
	
		<entity_class name="GuardHellWolf" extends="GuardRabbit">
			<property name="Tags" value="entity,animal"/>
			<property name="Class" value="EntityAnimalStag"/>
			<property name="SizeScale" value="1"/>
			<!--property name="Prefab" value="Wolf"-->
			<property name="AvatarController" value="AvatarAnimalController"/>
			<property name="ModelType" value="Standard"/>
			<property name="HasRagdoll" value="true"/>
			<property name="PhysicsBody" value="wolf"/>
			<property name="Mass" value="195"/>
			<property name="Prefab" value="/Entities/Animals/Wolf/animalStandardWolfRagdoll"/>
			<property name="Mesh" value=""/>
			<property name="HasDeathAnim" value="true"/>
			<property name="RootMotion" value="true"/>
			<property name="RagdollOnDeathChance" value=".5"/>
			<property name="ReplaceMaterial0" value="entities/gore/materials/torso_gore"/>
			<property name="ReplaceMaterial1" value="#Entities/Zombies?Zombies/Materials/rad_eye.mat"/>

			<property name="AITask-1" value="ApproachAndAttackTarget" data="class=EntityZombie,0,EntityEnemyAnimal,0"/>
			<property name="AITask-2" value="ApproachSpot"/>
			<property name="AITask-3" value="Look"/>
			<property name="AITask-4" value=""/>
			<property name="AITarget-1" value="SetAsTargetIfHurt" data="class=EntityZombie,0,0,EntityEnemyAnimal,0,0"/>
			<property name="AITarget-2" value="BlockingTargetTask"/>
			<property name="AITarget-3" value="SetNearestEntityAsTarget" data="class=EntityZombie,0,0,EntityEnemyAnimal,0,0"/>
			<property name="AITarget-4" value=""/>
	
			<property name="CanClimbVertical" value="true"/>

			<property name="SoundRandom" value="wolfroam"/>
			<property name="SoundAlert" value="wolfalert"/>
			<property name="SoundHurt" value="wolfpain"/>
			<property name="SoundDeath" value="wolfdeath"/>
			<property name="SoundAttack" value="wolfattack"/>
			<property name="SoundSense" value="wolfsense"/>
			<property name="SoundGiveUp" value="wolfgiveup"/>

			<!-- Stealth -->
			<property name="MaxViewAngle" value="360"/>
			<property name="SightRange" value="30"/> <!-- distance in m -->
			<property name="SightLightThreshold" value="-2,150"/>

			<!-- Gameplay -->
			<property name="PainResistPerHit" value=".75"/>
			<property name="HandItem" value="meleeHandAnimalDireWolf"/>				
			<property name="ExperienceGain" value="0"/> <!-- GuardHellWolf XP Removed -->	
			<property name="MoveSpeed" value="2.1"/>
			<property name="MoveSpeedAggro" value="2.2, 2.2"/>

		<effect_group name="Base Effects">
			<passive_effect name="HealthMax" operation="base_set" value="400"/>
			<passive_effect name="HealthMax" operation="perc_add" value="0"/> <!-- Animal HP scale -->
			<triggered_effect trigger="onSelfFirstSpawn" action="ModifyCVar" target="self" cvar="EntityBoss" operation="set" value="1"/>
			<triggered_effect trigger="onOtherDamagedSelf" action="ModifyCVar" target="self" cvar="RadiatedRegenAmount" operation="set" value="5"/>
			<triggered_effect trigger="onOtherDamagedSelf" action="AddBuff" target="self" buff="buffRadiatedRegen"/>
		</effect_group>

			<drop event="Harvest" name="foodRawMeat" count="0" tool_category="Butcher"/>
			<drop event="Harvest" name="foodRawMeat" tag="butcherHarvest" count="45"/> <!-- animalWolf -->
			<drop event="Harvest" name="resourceLeather" tag="butcherHarvest" count="20"/>
			<drop event="Harvest" name="resourceAnimalFat" tag="butcherHarvest" count="3"/>
			<drop event="Harvest" name="resourceBone" tag="butcherHarvest" count="15"/>
			<drop event="Harvest" name="resourceBone" tag="allToolsHarvest" count="5"/>
			<drop event="Harvest" name="foodRawMeat" count="1" tag="WasteTreasuresCompleteHarvest"/>
			<drop event="Harvest" name="resourceLeather" count="1" tag="WasteTreasuresCompleteHarvest"/>
			<drop event="Harvest" name="resourceBone" count="1" tag="WasteTreasuresCompleteHarvest"/>
		</entity_class>

		<entity_class name="GuardHellLion" extends="GuardHellWolf">
			<property name="Tags" value="entity,animal,hostile,GuardHellLion,perkAT03"/>
			<property name="Class" value="EntityAnimalStag"/>
			<property name="SizeScale" value="2"/>
			<property name="MapIcon" value="ui_game_symbol_tracking_mountain_lion"/>
			<property name="TrackerIcon" value="ui_game_symbol_tracking_mountain_lion"/>
			<property name="PhysicsBody" value="MountainLion"/>
			<property name="Mass" value="125"/>
			<property name="Prefab" value="/Entities/Animals/Mountain_Lion/animalStandardMountainLionRagdoll"/>
			<property name="ReplaceMaterial0" value="entities/gore/materials/torso_gore"/>
			<property name="ReplaceMaterial1" value="#Entities/Zombies?Zombies/Materials/rad_eye.mat"/>

			<property name="SoundRandom" value="mlionroam"/>
			<property name="SoundAlert" value="mlionalert"/>
			<property name="SoundHurt" value="mlionpain"/>
			<property name="SoundDeath" value="mliondeath"/>
			<property name="SoundAttack" value="mlionattack"/>
			<property name="SoundSense" value="mlionsense"/>
			<property name="SoundGiveUp" value="mliongiveup"/>
	
			<property name="MaxViewAngle" value="360"/>
			<property name="SightRange" value="30"/> <!-- distance in m -->
			<property name="SightLightThreshold" value="-2,150"/>

			<property name="AITask-1" value="ApproachAndAttackTarget" data="class=EntityZombie,0,EntityEnemyAnimal,0"/>
			<property name="AITask-2" value="ApproachSpot"/>
			<property name="AITask-3" value="Look"/>
			<property name="AITask-4" value=""/>
			<property name="AITarget-1" value="SetAsTargetIfHurt" data="class=EntityZombie,0,0,EntityEnemyAnimal,0,0"/>
			<property name="AITarget-2" value="BlockingTargetTask"/>
			<property name="AITarget-3" value="SetNearestEntityAsTarget" data="class=EntityZombie,0,0,EntityEnemyAnimal,0,0"/>
			<property name="AITarget-4" value=""/>

			<!-- Gameplay -->
			<property name="PainResistPerHit" value=".75"/>
			<property name="HandItem" value="meleeHandAnimalDireWolf"/>				
			<property name="ExperienceGain" value="0"/> <!-- GuardHellLion XP Removed -->	
			<property name="MoveSpeed" value="2.1"/>
			<property name="MoveSpeedAggro" value="2.2, 2.2"/>
	
		<effect_group name="Base Effects">
			<triggered_effect trigger="onSelfFirstSpawn" action="AddBuff" target="self" buff="GuardlionDeco"/>
			<passive_effect name="HealthMax" operation="base_set" value="400"/>
			<passive_effect name="HealthMax" operation="perc_add" value="0"/> <!-- Animal HP scale -->
			<triggered_effect trigger="onSelfFirstSpawn" action="ModifyCVar" target="self" cvar="EntityBoss" operation="set" value="1"/>
			<triggered_effect trigger="onOtherDamagedSelf" action="ModifyCVar" target="self" cvar="RadiatedRegenAmount" operation="set" value="5"/>
			<triggered_effect trigger="onOtherDamagedSelf" action="AddBuff" target="self" buff="buffRadiatedRegen"/>
		</effect_group>

			<drop event="Harvest" name="foodRawMeat" count="0" tool_category="Butcher"/>
			<drop event="Harvest" name="foodRawMeat" tag="butcherHarvest" count="25"/>
			<drop event="Harvest" name="resourceLeather" tag="butcherHarvest" count="10"/>
			<drop event="Harvest" name="resourceAnimalFat" tag="butcherHarvest" count="4"/>
			<drop event="Harvest" name="resourceBone" tag="butcherHarvest" count="15"/>
			<drop event="Harvest" name="resourceBone" tag="allToolsHarvest" count="5"/>
			<drop event="Harvest" name="foodRawMeat" count="1" tag="WasteTreasuresCompleteHarvest"/>
			<drop event="Harvest" name="resourceLeather" count="1" tag="WasteTreasuresCompleteHarvest"/>
			<drop event="Harvest" name="resourceBone" count="1" tag="WasteTreasuresCompleteHarvest"/>
		</entity_class>


	<!--entity_class name="GuardSimAlastair" extends="ZombieTemplate2">
			<property name="Archetype" value="GuardJack" />
			<property name="Class" value="EntityAnimalStag"/>
			<property name="Tags" value="entity,zombie,walker,boss,umazombie,GuardSimAlastair" />
			<property name="WalkType" value="7"/>
			<property name="PainResistPerHit" value=".75"/>
	<property name="MoveSpeed" value="2.1"/>
	<property name="MoveSpeedAggro" value="2.2, 2.2"/>
	
	<property name="MaxViewAngle" value="360"/>
	<property name="SightRange" value="30"/>
	<property name="SightLightThreshold" value="-2,150"/>

			<property name="HandItem" value="GuardHandsim"/>
			
			<property name="AITask-1" value="ApproachAndAttackTarget" data="class=EntityZombie,0,EntityEnemyAnimal,0"/>
	<property name="AITask-2" value="ApproachSpot"/>
	<property name="AITask-3" value="Look"/>
	<property name="AITask-4" value=""/>
	<property name="AITarget-1" value="SetAsTargetIfHurt"/>
	<property name="AITarget-2" value="BlockingTargetTask"/>
	<property name="AITarget-3" value="SetNearestEntityAsTarget" data="class=EntityZombie,0,0,EntityEnemyAnimal,0,0"/>
	<property name="AITarget-4" value=""/>
			
			<property name="SoundRandom" value=""/>
			<property name="SoundAlert" value="malehatealert"/>
	<property name="SoundHurt" value="Player_Male/player1painlg"/>
	<property name="SoundHurtSmall" value="Player_Male/player1painsm"/>
	<property name="SoundDeath" value="Player_Male/player1death"/>
	<property name="SoundStamina" value="Player_Male/player1stamina"/>
	<property name="SoundDrownPain" value="Player_Male/player1drownpain"/>
	<property name="SoundWaterSurface" value="Player_Male/player1drownsurface"/>
	<property name="SoundDrownDeath" value="Player_Male/player1drowndeath"/>
	<property name="SoundJump" value="Player_Male/player1Jump"/>
	<property name="SoundLandSoft" value="Player_Male/player1LandSoft"/>
	<property name="SoundLandHard" value="Player_Male/player1LandHard"/>
	<property name="SoundPlayerLandThump" value="PlayerLandThump"/>
			<property name="SoundAttack" value="stunbaton_swingheavy" />
			<property name="SoundFootstepModifier" value=""/>
			<effect_group name="Base Effects">
				<passive_effect name="HealthMax" operation="base_set" value="550"/>
				<passive_effect name="HealthMax" operation="perc_set" value="1"/>
				<triggered_effect trigger="onSelfFirstSpawn" action="AddBuff" target="self" buff="GuardsimDeco"/>
				<triggered_effect trigger="onSelfFirstSpawn" action="ModifyCVar" target="self" cvar="EntityBoss" operation="set" value="1"/>
				<triggered_effect trigger="onOtherDamagedSelf" action="ModifyCVar" target="self" cvar="RadiatedRegenAmount" operation="set" value="5"/>
				<triggered_effect trigger="onOtherDamagedSelf" action="AddBuff" target="self" buff="buffRadiatedRegen"/>
			</effect_group>
		</entity_class>
		
		<entity_class name="GuardLizzy" extends="ZombieTemplate2">
			<property name="Archetype" value="Lizzy" />
			<property name="Class" value="EntityAnimalStag"/>
			<property name="Tags" value="entity,zombie,walker,boss,umazombie,GuardSimAlastair" />
			<property name="WalkType" value="7"/>
			<property name="PainResistPerHit" value=".75"/>
	<property name="MoveSpeed" value="2.1"/>
	<property name="MoveSpeedAggro" value="2.2, 2.2"/>
	
	<property name="MaxViewAngle" value="360"/>
	<property name="SightRange" value="30"/>
	<property name="SightLightThreshold" value="-2,150"/>

			<property name="HandItem" value="GuardHandsim"/>
			
			<property name="AITask-1" value="ApproachAndAttackTarget" data="class=EntityZombie,0,EntityEnemyAnimal,0"/>
	<property name="AITask-2" value="ApproachSpot"/>
	<property name="AITask-3" value="Look"/>
	<property name="AITask-4" value=""/>
	<property name="AITarget-1" value="SetAsTargetIfHurt"/>
	<property name="AITarget-2" value="BlockingTargetTask"/>
	<property name="AITarget-3" value="SetNearestEntityAsTarget" data="class=EntityZombie,0,0,EntityEnemyAnimal,0,0"/>
	<property name="AITarget-4" value=""/>
			
			<property name="SoundRandom" value=""/>
			<property name="SoundHurt" value="Player_Female/player2painlg"/>
			<property name="SoundHurtSmall" value="Player_Female/player2painsm"/>
			<property name="SoundDeath" value="Player_Female/player2death"/>
			<property name="SoundJump" value="Player_Male/player2Jump"/>
			<property name="SoundLandSoft" value="Player_Male/player2LandSoft"/>
			<property name="SoundLandHard" value="Player_Male/player2LandHard"/>
			<property name="SoundAttack" value="stunbaton_swingheavy" />
			<property name="SoundFootstepModifier" value=""/>
			<effect_group name="Base Effects">
				<passive_effect name="HealthMax" operation="base_set" value="550"/>
				<passive_effect name="HealthMax" operation="perc_set" value="1"/>
				<triggered_effect trigger="onSelfFirstSpawn" action="AddBuff" target="self" buff="GuardsimDeco"/>
				<triggered_effect trigger="onSelfFirstSpawn" action="ModifyCVar" target="self" cvar="EntityBoss" operation="set" value="1"/>
				<triggered_effect trigger="onOtherDamagedSelf" action="ModifyCVar" target="self" cvar="RadiatedRegenAmount" operation="set" value="5"/>
				<triggered_effect trigger="onOtherDamagedSelf" action="AddBuff" target="self" buff="buffRadiatedRegen"/>
			</effect_group>
		</entity_class>
		
			<entity_class name="GuardPsyren" extends="ZombieTemplate2">
			<property name="Archetype" value="GuardPsyren" />
			<property name="Class" value="EntityAnimalStag"/>
			<property name="Tags" value="entity,zombie,walker,boss,umazombie,GuardPsyren" />
			<property name="WalkType" value="7"/>
			<property name="PainResistPerHit" value=".75"/>
	<property name="MoveSpeed" value="2.1"/>
	<property name="MoveSpeedAggro" value="2.2, 2.2"/>
	
	<property name="MaxViewAngle" value="360"/>
	<property name="SightRange" value="30"/>
	<property name="SightLightThreshold" value="-2,150"/>

			<property name="HandItem" value="meleeHandZombieCop"/>
			
			<property name="AITask-1" value="ApproachAndAttackTarget" data="class=EntityZombie,0,EntityEnemyAnimal,0"/>
	<property name="AITask-2" value="ApproachSpot"/>
	<property name="AITask-3" value="Look"/>
	<property name="AITask-4" value=""/>
	<property name="AITarget-1" value="SetAsTargetIfHurt"/>
	<property name="AITarget-2" value="BlockingTargetTask"/>
	<property name="AITarget-3" value="SetNearestEntityAsTarget" data="class=EntityZombie,0,0,EntityEnemyAnimal,0,0"/>
	<property name="AITarget-4" value=""/>
			
			<property name="SoundRandom" value=""/>
			<property name="SoundHurt" value="Player_Female/player2painlg"/>
			<property name="SoundHurtSmall" value="Player_Female/player2painsm"/>
			<property name="SoundDeath" value="Player_Female/player2death"/>
			<property name="SoundJump" value="Player_Male/player2Jump"/>
			<property name="SoundLandSoft" value="Player_Male/player2LandSoft"/>
			<property name="SoundLandHard" value="Player_Male/player2LandHard"/>
			<property name="SoundAttack" value="stunbaton_swingheavy" />
			<property name="SoundFootstepModifier" value=""/>
			<effect_group name="Base Effects">
				<passive_effect name="HealthMax" operation="base_set" value="550"/>
				<passive_effect name="HealthMax" operation="perc_set" value="1"/>
				<triggered_effect trigger="onSelfFirstSpawn" action="AddBuff" target="self" buff="GuardPsyrenDeco"/>
				<triggered_effect trigger="onSelfFirstSpawn" action="ModifyCVar" target="self" cvar="EntityBoss" operation="set" value="1"/>
				<triggered_effect trigger="onOtherDamagedSelf" action="ModifyCVar" target="self" cvar="RadiatedRegenAmount" operation="set" value="5"/>
				<triggered_effect trigger="onOtherDamagedSelf" action="AddBuff" target="self" buff="buffRadiatedRegen"/>
			</effect_group>
		</entity_class>
		
		<entity_class name="GuardZeus" extends="ZombieTemplate2">
			<property name="Archetype" value="GuardZeus" />
			<property name="Class" value="EntityAnimalStag"/>
			<property name="Tags" value="entity,zombie,walker,boss,umazombie,GuardSimAlastair" />
			<property name="WalkType" value="7"/>
			<property name="PainResistPerHit" value=".75"/>
	<property name="MoveSpeed" value="2.1"/>
	<property name="MoveSpeedAggro" value="2.2, 2.2"/>
	<property name="JumpMaxDistance" value="4.6, 5"/>
	
	<property name="MaxViewAngle" value="360"/>
	<property name="SightRange" value="30"/>
	<property name="SightLightThreshold" value="-2,150"/>

			<property name="HandItem" value="meleeHandZombieCop"/>
			
			<property name="AITask-1" value="ApproachAndAttackTarget" data="class=EntityZombie,0,EntityEnemyAnimal,0"/>
	<property name="AITask-2" value="ApproachSpot"/>
	<property name="AITask-3" value="Look"/>
	<property name="AITask-4" value=""/>
	<property name="AITarget-1" value="SetAsTargetIfHurt"/>
	<property name="AITarget-2" value="BlockingTargetTask"/>
	<property name="AITarget-3" value="SetNearestEntityAsTarget" data="class=EntityZombie,0,0,EntityEnemyAnimal,0,0"/>
	<property name="AITarget-4" value=""/>
			
			<property name="SoundRandom" value=""/>
			<property name="SoundAlert" value="malehatealert"/>
	<property name="SoundHurt" value="Player_Male/player1painlg"/>
	<property name="SoundHurtSmall" value="Player_Male/player1painsm"/>
	<property name="SoundDeath" value="Player_Male/player1death"/>
	<property name="SoundStamina" value="Player_Male/player1stamina"/>
	<property name="SoundDrownPain" value="Player_Male/player1drownpain"/>
	<property name="SoundWaterSurface" value="Player_Male/player1drownsurface"/>
	<property name="SoundDrownDeath" value="Player_Male/player1drowndeath"/>
	<property name="SoundJump" value="Player_Male/player1Jump"/>
	<property name="SoundLandSoft" value="Player_Male/player1LandSoft"/>
	<property name="SoundLandHard" value="Player_Male/player1LandHard"/>
	<property name="SoundPlayerLandThump" value="PlayerLandThump"/>
			<property name="SoundAttack" value="stunbaton_swingheavy" />
			<property name="SoundFootstepModifier" value=""/>
			<effect_group name="Base Effects">
				<passive_effect name="HealthMax" operation="base_set" value="550"/>
				<passive_effect name="HealthMax" operation="perc_set" value="1"/>
				<triggered_effect trigger="onSelfFirstSpawn" action="AddBuff" target="self" buff="GuardPsyrenDeco"/>
				<triggered_effect trigger="onSelfFirstSpawn" action="ModifyCVar" target="self" cvar="EntityBoss" operation="set" value="1"/>
				<triggered_effect trigger="onOtherDamagedSelf" action="ModifyCVar" target="self" cvar="RadiatedRegenAmount" operation="set" value="5"/>
				<triggered_effect trigger="onOtherDamagedSelf" action="AddBuff" target="self" buff="buffRadiatedRegen"/>
			</effect_group>
		</entity_class-->
		
<!-- Vehicle removed for A20 until appropriate scaling solution is applied as it also 'permanently' scales the player upon entering the vehicle -->		
		
		<!--entity_class name="vehicleFarmJeep">
			<property name="Tags" value="vehicle,vehicleFarmJeep"/>
			<property name="Class" value="EntityVJeep"/>
			<property name="Parent" value="Cars"/>
			<property name="Prefab" value="#Entities/Vehicles?jeep_Prefab.prefab"/>
			<property name="SizeScale" value=".4"/>
			<property name="ModelType" value="Standard"/>
			<property name="SurfaceCategory" value="metal"/>
			<property name="IgnoreTrigger" value="true"/>
			<property name="LootListAlive" value="vehicle4x4Truck"/>
			<property name="IsEnemyEntity" value="false"/>
			<property name="Explosion.ParticleIndex" value="6"/>
			<property name="Explosion.RadiusBlocks" value="5"/>
			<property name="Explosion.RadiusEntities" value="5"/>
			<property name="Explosion.BlockDamage" value="100"/>
			<property name="Explosion.EntityDamage" value="100"/>
			<property name="RotateToGround" value="true"/>
			<property name="Faction" value="none"/>
			<property name="MapIcon" value="ui_game_symbol_4x4"/>
			<property name="NavObject" value="4x4" />
		</entity_class-->	

	<entity_class name="GuardDogLead" extends="GuardHellWolf">
	<property name="Tags" value="entity,animal"/>
	<property name="Prefab" value="/Entities/Animals/Wolf/animalStandardDogZombieRagdoll"/>
	<property name="Class" value="EntityAnimalStag"/>
	<property name="ReplaceMaterial0" value="entities/resources/materials/oreleadboulder"/>

	<property name="SoundRandomTime" value="45.0"/>
	<property name="SoundAlertTime" value="25.0"/>
	<property name="SoundRandom" value="Enemies/Zombie_Dogs/zombiedogroam"/>
	<property name="SoundAlert" value="Enemies/Zombie_Dogs/zombiedogalert"/>
	<property name="SoundHurt" value="Enemies/Zombie_Dogs/zombiedogpain"/>
	<property name="SoundDeath" value="Enemies/Zombie_Dogs/zombiedogdeath"/>
	<property name="SoundAttack" value="Enemies/Zombie_Dogs/zombiedogattack"/>
	<property name="SoundSense" value="Enemies/Zombie_Dogs/zombiedogsense"/>
	<property name="SoundGiveUp" value="Enemies/Zombie_Dogs/zombiedoggiveup"/>
	<!-- Gameplay -->
	<property name="MoveSpeed" value=".45"/>
	<property name="MoveSpeedNight" value=".3"/>
	<property name="MoveSpeedAggro" value="1.2, 1.3"/>
	<property name="MoveSpeedPanic" value="1.5"/>

	<property name="HandItem" value="meleeHandAnimalZombieDog"/>

	<property name="Immunity" value="sickness;disease;wellness"/> <!-- bleeding; -->
	<property name="PainResistPerHit" value=".9"/>
	
	<effect_group name="Base Effects">
			<triggered_effect trigger="onSelfFirstSpawn" action="AddBuff" target="self" buff="GuardDogDeco"/>
	</effect_group>

	<drop event="Harvest" name="foodRawMeat" count="0" tool_category="Butcher"/>
	<drop event="Harvest" name="foodRottingFlesh" tag="butcherHarvest" count="10"/> <!-- animalZombieDog -->
	<drop event="Harvest" name="resourceLeather" tag="butcherHarvest" count="4"/>
	<drop event="Harvest" name="resourceAnimalFat" tag="butcherHarvest" count="1"/>
	<drop event="Harvest" name="resourceBone" tag="butcherHarvest" count="15"/>
	<drop event="Harvest" name="resourceBone" tag="allToolsHarvest" count="5"/>
	<drop event="Harvest" name="foodRottingFlesh" count="1" tag="WasteTreasuresCompleteHarvest"/>
	<drop event="Harvest" name="resourceLeather" count="1" tag="WasteTreasuresCompleteHarvest"/>
	<drop event="Harvest" name="resourceBone" count="1" tag="WasteTreasuresCompleteHarvest"/>
	
</entity_class>

	<entity_class name="GuardDogCoal" extends="GuardDogLead">
	<property name="Tags" value="entity,animal"/>
	<property name="Prefab" value="/Entities/Animals/Wolf/animalStandardDogZombieRagdoll"/>
	<property name="Class" value="EntityAnimalStag"/>
	<property name="ReplaceMaterial0" value="entities/resources/materials/orecoalboulder"/>

	<property name="SoundRandomTime" value="45.0"/>
	<property name="SoundAlertTime" value="25.0"/>
	<property name="SoundRandom" value="Enemies/Zombie_Dogs/zombiedogroam"/>
	<property name="SoundAlert" value="Enemies/Zombie_Dogs/zombiedogalert"/>
	<property name="SoundHurt" value="Enemies/Zombie_Dogs/zombiedogpain"/>
	<property name="SoundDeath" value="Enemies/Zombie_Dogs/zombiedogdeath"/>
	<property name="SoundAttack" value="Enemies/Zombie_Dogs/zombiedogattack"/>
	<property name="SoundSense" value="Enemies/Zombie_Dogs/zombiedogsense"/>
	<property name="SoundGiveUp" value="Enemies/Zombie_Dogs/zombiedoggiveup"/>
	<!-- Gameplay -->
	<property name="MoveSpeed" value=".45"/>
	<property name="MoveSpeedNight" value=".3"/>
	<property name="MoveSpeedAggro" value="1.2, 1.3"/>
	<property name="MoveSpeedPanic" value="1.5"/>

	<property name="HandItem" value="meleeHandAnimalZombieDog"/>

	<property name="Immunity" value="sickness;disease;wellness"/> <!-- bleeding; -->
	<property name="PainResistPerHit" value=".9"/>

	<drop event="Harvest" name="foodRawMeat" count="0" tool_category="Butcher"/>
	<drop event="Harvest" name="foodRottingFlesh" tag="butcherHarvest" count="10"/> <!-- animalZombieDog -->
	<drop event="Harvest" name="resourceLeather" tag="butcherHarvest" count="4"/>
	<drop event="Harvest" name="resourceAnimalFat" tag="butcherHarvest" count="1"/>
	<drop event="Harvest" name="resourceBone" tag="butcherHarvest" count="15"/>
	<drop event="Harvest" name="resourceBone" tag="allToolsHarvest" count="5"/>
	<drop event="Harvest" name="foodRottingFlesh" count="1" tag="WasteTreasuresCompleteHarvest"/>
	<drop event="Harvest" name="resourceLeather" count="1" tag="WasteTreasuresCompleteHarvest"/>
	<drop event="Harvest" name="resourceBone" count="1" tag="WasteTreasuresCompleteHarvest"/>
</entity_class>

<entity_class name="GuardDogNitrate" extends="GuardDogLead">
	<property name="Tags" value="entity,animal"/>
	<property name="Prefab" value="/Entities/Animals/Wolf/animalStandardDogZombieRagdoll"/>
	<property name="Class" value="EntityAnimalStag"/>
	<property name="ReplaceMaterial0" value="entities/resources/materials/oreNitrateBoulder"/>

	<property name="SoundRandomTime" value="45.0"/>
	<property name="SoundAlertTime" value="25.0"/>
	<property name="SoundRandom" value="Enemies/Zombie_Dogs/zombiedogroam"/>
	<property name="SoundAlert" value="Enemies/Zombie_Dogs/zombiedogalert"/>
	<property name="SoundHurt" value="Enemies/Zombie_Dogs/zombiedogpain"/>
	<property name="SoundDeath" value="Enemies/Zombie_Dogs/zombiedogdeath"/>
	<property name="SoundAttack" value="Enemies/Zombie_Dogs/zombiedogattack"/>
	<property name="SoundSense" value="Enemies/Zombie_Dogs/zombiedogsense"/>
	<property name="SoundGiveUp" value="Enemies/Zombie_Dogs/zombiedoggiveup"/>
	<!-- Gameplay -->
	<property name="MoveSpeed" value=".45"/>
	<property name="MoveSpeedNight" value=".3"/>
	<property name="MoveSpeedAggro" value="1.2, 1.3"/>
	<property name="MoveSpeedPanic" value="1.5"/>

	<property name="HandItem" value="meleeHandAnimalZombieDog"/>

	<property name="Immunity" value="sickness;disease;wellness"/> <!-- bleeding; -->
	<property name="PainResistPerHit" value=".9"/>

	<drop event="Harvest" name="foodRawMeat" count="0" tool_category="Butcher"/>
	<drop event="Harvest" name="foodRottingFlesh" tag="butcherHarvest" count="10"/> <!-- animalZombieDog -->
	<drop event="Harvest" name="resourceLeather" tag="butcherHarvest" count="4"/>
	<drop event="Harvest" name="resourceAnimalFat" tag="butcherHarvest" count="1"/>
	<drop event="Harvest" name="resourceBone" tag="butcherHarvest" count="15"/>
	<drop event="Harvest" name="resourceBone" tag="allToolsHarvest" count="5"/>
	<drop event="Harvest" name="foodRottingFlesh" count="1" tag="WasteTreasuresCompleteHarvest"/>
	<drop event="Harvest" name="resourceLeather" count="1" tag="WasteTreasuresCompleteHarvest"/>
	<drop event="Harvest" name="resourceBone" count="1" tag="WasteTreasuresCompleteHarvest"/>
</entity_class>

<entity_class name="GuardDogShale" extends="GuardDogLead">
	<property name="Tags" value="entity,animal"/>
	<property name="Prefab" value="/Entities/Animals/Wolf/animalStandardDogZombieRagdoll"/>
	<property name="Class" value="EntityAnimalStag"/>
	<property name="ReplaceMaterial0" value="entities/resources/materials/oreShaleBoulder"/>

	<property name="SoundRandomTime" value="45.0"/>
	<property name="SoundAlertTime" value="25.0"/>
	<property name="SoundRandom" value="Enemies/Zombie_Dogs/zombiedogroam"/>
	<property name="SoundAlert" value="Enemies/Zombie_Dogs/zombiedogalert"/>
	<property name="SoundHurt" value="Enemies/Zombie_Dogs/zombiedogpain"/>
	<property name="SoundDeath" value="Enemies/Zombie_Dogs/zombiedogdeath"/>
	<property name="SoundAttack" value="Enemies/Zombie_Dogs/zombiedogattack"/>
	<property name="SoundSense" value="Enemies/Zombie_Dogs/zombiedogsense"/>
	<property name="SoundGiveUp" value="Enemies/Zombie_Dogs/zombiedoggiveup"/>
	<!-- Gameplay -->
	<property name="MoveSpeed" value=".45"/>
	<property name="MoveSpeedNight" value=".3"/>
	<property name="MoveSpeedAggro" value="1.2, 1.3"/>
	<property name="MoveSpeedPanic" value="1.5"/>

	<property name="HandItem" value="meleeHandAnimalZombieDog"/>

	<property name="Immunity" value="sickness;disease;wellness"/> <!-- bleeding; -->
	<property name="PainResistPerHit" value=".9"/>

	<drop event="Harvest" name="foodRawMeat" count="0" tool_category="Butcher"/>
	<drop event="Harvest" name="foodRottingFlesh" tag="butcherHarvest" count="10"/> <!-- animalZombieDog -->
	<drop event="Harvest" name="resourceLeather" tag="butcherHarvest" count="4"/>
	<drop event="Harvest" name="resourceAnimalFat" tag="butcherHarvest" count="1"/>
	<drop event="Harvest" name="resourceBone" tag="butcherHarvest" count="15"/>
	<drop event="Harvest" name="resourceBone" tag="allToolsHarvest" count="5"/>
	<drop event="Harvest" name="foodRottingFlesh" count="1" tag="WasteTreasuresCompleteHarvest"/>
	<drop event="Harvest" name="resourceLeather" count="1" tag="WasteTreasuresCompleteHarvest"/>
	<drop event="Harvest" name="resourceBone" count="1" tag="WasteTreasuresCompleteHarvest"/>
</entity_class>

<!-- Human Guards switched from Class EntitySurvivor to Class EntityTrader for A20 -->

			<entity_class name="GuardTurretStuner">
			<property name="HideInSpawnMenu" value="true"/>
		<property name="Archetype" value="TurretGuardSim" />
	<property name="EntityType" value="Player"/>
	<property name="Faction" value="whiteriver"/>
	<!--property name="Mesh" value="Player/Male/player_maleRagdoll"/-->
	<property name="AvatarController" value="AvatarUMAController"/>
	<property name="ModelType" value="NpcUMA"/>
	<property name="HasRagdoll" value="true"/>
	<property name="Prefab" value="NPC"/>
	<property name="Class" value="EntityTrader"/>
	<property name="Parent" value="Players"/>
	<property name="PhysicsBody" value="PlayerUMA"/>
	<property name="IsEnemyEntity" value="false"/>
	
	<property name="MaxViewAngle" value="360"/>
	<property name="SightRange" value="35"/>
	<property name="SightLightThreshold" value="-2,150"/>
	<property name="YawRange" value="90"/>
	<property name="PitchRange" value="90"/>
	<property name="MoveSpeed" value="0"/>
	<property name="MoveSpeedAggro" value="0,0"/>
	<property name="MoveSpeedPanic" value="0"/>	
			<property name="DismemberMultiplierHead" value="0"/><property name="DismemberMultiplierArms" value=".7"/><property name="DismemberMultiplierLegs" value=".7"/>

	<property name="ItemsOnEnterGame.GameModeSurvival" value="meleeWpnBatonT2StunBaton"/>
	<property name="ItemsOnEnterGame.GameModeSurvivalSP" value="meleeWpnBatonT2StunBaton"/>
	<property name="ItemsOnEnterGame.GameModeSurvivalMP" value="meleeWpnBatonT2StunBaton"/>
	
	<property name="Weight" value="70"/>
	<property name="SurfaceCategory" value="organic"/>
	<property name="SoundRandomTime" value="200.0"/>
	<property name="SoundRandom" value="Player_Male/player1stamina"/>
	<property name="SoundHurt" value="Player_Male/player1painlg"/>
	<property name="SoundHurtSmall" value="Player_Male/player1painsm"/>
	<property name="SoundDeath" value="Player_Male/player1death"/>
	<property name="SoundStamina" value="Player_Male/player1stamina"/>
	<property name="SoundDrownPain" value="Player_Male/player1drownpain"/>
	<property name="SoundWaterSurface" value="Player_Male/player1drownsurface"/>
	<property name="SoundDrownDeath" value="Player_Male/player1drowndeath"/>
	<property name="TimeStayAfterDeath" value="0.5"/>
	<property name="HasDeathAnim" value="true"/>
	<property name="AIPackages" value="Oaks Basic,Oaks Melee"/>
	<effect_group>
		<requirement name="HoldingItemHasTags" tags="melee,grunting,light,perkFlurryOfBlows,weapon,meleeWeapon,attIntellect,perkElectrocutioner,canHaveCosmetic"/>
		<passive_effect name="BuffResistance" operation="base_set" value="1" tags="buffFatiguedTrigger,buffArmSprainedCHTrigger,buffLegSprainedCHTrigger,buffLaceration,buffInfectionCatch,buffAbrasionCatch,buffInjuryStunned01CHTrigger,buffInjuryBleedingOne,buffInjuryBleedingTwo,buffInjuryBleeding,buffBurningZombie,buffBurningElement,buffBurningEnvironment,buffBurningEnvironmentHack,buffBurningFlamingArrow,buffBurningMolotov,buffIsOnFire,buffBurningWeapon,buffShocked"/>
			<passive_effect name="HealthMax" operation="base_set" value="150"/>
	</effect_group>
</entity_class>

<entity_class name="TurretGuardSim" extends="GuardTurretStuner">
    <property name="Archetype" value="TurretGuardSim" />
    <property name="HideInSpawnMenu" value="true"/>
	<property name="ItemsOnEnterGame.GameModeSurvival" value="GuardTurretPistol,ammo9mmBulletGuard"/>
	<property name="ItemsOnEnterGame.GameModeSurvivalSP" value="GuardTurretPistol,ammo9mmBulletGuard"/>
	<property name="ItemsOnEnterGame.GameModeSurvivalMP" value="GuardTurretPistol,ammo9mmBulletGuard"/>
	
	<property name="MaxViewAngle" value="360"/>
	<property name="SightRange" value="35"/>
	<property name="SightLightThreshold" value="-2,150"/>
	<property name="YawRange" value="90"/>
	<property name="PitchRange" value="90"/>
	
	<effect_group>
		<passive_effect name="BuffResistance" operation="base_set" value="1" tags="buffFatiguedTrigger,buffArmSprainedCHTrigger,buffLegSprainedCHTrigger,buffLaceration,buffInfectionCatch,buffAbrasionCatch,buffInjuryStunned01CHTrigger,buffInjuryBleedingOne,buffInjuryBleedingTwo,buffInjuryBleeding,buffBurningZombie,buffBurningElement,buffBurningEnvironment,buffBurningEnvironmentHack,buffBurningFlamingArrow,buffBurningMolotov,buffIsOnFire,buffBurningWeapon,buffShocked"/>
	</effect_group>

	<property name="AIPackages" value="Oaks Ranged"/>
</entity_class>

<entity_class name="GuardTurretLizzy" extends="GuardTurretStuner">
    <property name="Archetype" value="TurretGuardLizzy" />
    <property name="HideInSpawnMenu" value="true"/>
	<property name="ItemsOnEnterGame.GameModeSurvival" value="TurretGuardAutoShotgun,ammoTurretGuardShell"/>
	<property name="ItemsOnEnterGame.GameModeSurvivalSP" value="TurretGuardAutoShotgun,ammoTurretGuardShell"/>
	<property name="ItemsOnEnterGame.GameModeSurvivalMP" value="TurretGuardAutoShotgun,ammoTurretGuardShell"/>
	
	<property name="MaxViewAngle" value="360"/>
	<property name="SightRange" value="35"/>
	<property name="SightLightThreshold" value="-2,150"/>
	<property name="YawRange" value="90"/>
	<property name="PitchRange" value="90"/>
	
	<effect_group>
		<passive_effect name="BuffResistance" operation="base_set" value="1" tags="buffFatiguedTrigger,buffArmSprainedCHTrigger,buffLegSprainedCHTrigger,buffLaceration,buffInfectionCatch,buffAbrasionCatch,buffInjuryStunned01CHTrigger,buffInjuryBleedingOne,buffInjuryBleedingTwo,buffInjuryBleeding,buffBurningZombie,buffBurningElement,buffBurningEnvironment,buffBurningEnvironmentHack,buffBurningFlamingArrow,buffBurningMolotov,buffIsOnFire,buffBurningWeapon,buffShocked"/>
	</effect_group>

	<property name="AIPackages" value="Oaks Ranged"/>
</entity_class>

<entity_class name="GuardTurretDre" extends="GuardTurretStuner">
    <property name="Archetype" value="TurretGuardDre" />
    <property name="HideInSpawnMenu" value="true"/>
	<property name="ItemsOnEnterGame.GameModeSurvival" value="TurretGuardMGT1AK47,ammo762mmBulletGuard"/>
	<property name="ItemsOnEnterGame.GameModeSurvivalSP" value="TurretGuardMGT1AK47,ammo762mmBulletGuard"/>
	<property name="ItemsOnEnterGame.GameModeSurvivalMP" value="TurretGuardMGT1AK47,ammo762mmBulletGuard"/>
	
	<property name="MaxViewAngle" value="360"/>
	<property name="SightRange" value="35"/>
	<property name="SightLightThreshold" value="-2,150"/>
	<property name="YawRange" value="90"/>
	<property name="PitchRange" value="90"/>
	
	<effect_group>
		<passive_effect name="BuffResistance" operation="base_set" value="1" tags="buffFatiguedTrigger,buffArmSprainedCHTrigger,buffLegSprainedCHTrigger,buffLaceration,buffInfectionCatch,buffAbrasionCatch,buffInjuryStunned01CHTrigger,buffInjuryBleedingOne,buffInjuryBleedingTwo,buffInjuryBleeding,buffBurningZombie,buffBurningElement,buffBurningEnvironment,buffBurningEnvironmentHack,buffBurningFlamingArrow,buffBurningMolotov,buffIsOnFire,buffBurningWeapon,buffShocked"/>
	</effect_group>

	<property name="AIPackages" value="Oaks Ranged"/>
</entity_class>

<entity_class name="GuardTurretFox" extends="GuardTurretStuner">
    <property name="Archetype" value="TurretGuardFox" />
    <property name="HideInSpawnMenu" value="true"/>
	<property name="ItemsOnEnterGame.GameModeSurvival" value="GuardCrossBow,ammo762mmBulletGuard"/>
	<property name="ItemsOnEnterGame.GameModeSurvivalSP" value="GuardCrossBow,ammo762mmBulletGuard"/>
	<property name="ItemsOnEnterGame.GameModeSurvivalMP" value="GuardCrossBow,ammo762mmBulletGuard"/>
	
	<property name="MaxViewAngle" value="360"/>
	<property name="SightRange" value="35"/>
	<property name="SightLightThreshold" value="-2,150"/>
	<property name="YawRange" value="90"/>
	<property name="PitchRange" value="90"/>
	
	<effect_group>
		<passive_effect name="BuffResistance" operation="base_set" value="1" tags="buffFatiguedTrigger,buffArmSprainedCHTrigger,buffLegSprainedCHTrigger,buffLaceration,buffInfectionCatch,buffAbrasionCatch,buffInjuryStunned01CHTrigger,buffInjuryBleedingOne,buffInjuryBleedingTwo,buffInjuryBleeding,buffBurningZombie,buffBurningElement,buffBurningEnvironment,buffBurningEnvironmentHack,buffBurningFlamingArrow,buffBurningMolotov,buffIsOnFire,buffBurningWeapon,buffShocked"/>
	</effect_group>

	<property name="AIPackages" value="Oaks Ranged"/>
</entity_class>

<entity_class name="GuardTurretBandit" extends="GuardTurretStuner">
    <property name="Archetype" value="Banditguardman" />
    <property name="HideInSpawnMenu" value="true"/>
	<property name="ItemsOnEnterGame.GameModeSurvival" value="TurretGuardMGT3M60,ammo762mmBulletGuard"/>
	<property name="ItemsOnEnterGame.GameModeSurvivalSP" value="TurretGuardMGT3M60,ammo762mmBulletGuard"/>
	<property name="ItemsOnEnterGame.GameModeSurvivalMP" value="TurretGuardMGT3M60,ammo762mmBulletGuard"/>
	
	<property name="MaxViewAngle" value="360"/>
	<property name="SightRange" value="35"/>
	<property name="SightLightThreshold" value="-2,150"/>
	<property name="YawRange" value="90"/>
	<property name="PitchRange" value="90"/>
	
	<effect_group>
		<passive_effect name="BuffResistance" operation="base_set" value="1" tags="buffFatiguedTrigger,buffArmSprainedCHTrigger,buffLegSprainedCHTrigger,buffLaceration,buffInfectionCatch,buffAbrasionCatch,buffInjuryStunned01CHTrigger,buffInjuryBleedingOne,buffInjuryBleedingTwo,buffInjuryBleeding,buffBurningZombie,buffBurningElement,buffBurningEnvironment,buffBurningEnvironmentHack,buffBurningFlamingArrow,buffBurningMolotov,buffIsOnFire,buffBurningWeapon,buffShocked"/>
	</effect_group>

	<property name="AIPackages" value="Oaks Ranged"/>
</entity_class>

<entity_class name="GuardTurretBanditFoxy" extends="GuardTurretStuner">
    <property name="Archetype" value="BanditFemaleguard" />
    <property name="HideInSpawnMenu" value="true"/>
	<property name="ItemsOnEnterGame.GameModeSurvival" value="TurretGuardTacticalAR,ammo762mmBulletGuard"/>
	<property name="ItemsOnEnterGame.GameModeSurvivalSP" value="TurretGuardTacticalAR,ammo762mmBulletGuard"/>
	<property name="ItemsOnEnterGame.GameModeSurvivalMP" value="TurretGuardTacticalAR,ammo762mmBulletGuard"/>
	
	<property name="MaxViewAngle" value="360"/>
	<property name="SightRange" value="35"/>
	<property name="SightLightThreshold" value="-2,150"/>
	<property name="YawRange" value="90"/>
	<property name="PitchRange" value="90"/>
	
	<effect_group>
		<passive_effect name="BuffResistance" operation="base_set" value="1" tags="buffFatiguedTrigger,buffArmSprainedCHTrigger,buffLegSprainedCHTrigger,buffLaceration,buffInfectionCatch,buffAbrasionCatch,buffInjuryStunned01CHTrigger,buffInjuryBleedingOne,buffInjuryBleedingTwo,buffInjuryBleeding,buffBurningZombie,buffBurningElement,buffBurningEnvironment,buffBurningEnvironmentHack,buffBurningFlamingArrow,buffBurningMolotov,buffIsOnFire,buffBurningWeapon,buffShocked"/>
	</effect_group>

	<property name="AIPackages" value="Oaks Ranged"/>
</entity_class>

<entity_class name="TurretGuardLeader" extends="GuardTurretStuner">
    <property name="Archetype" value="TurretGuardLeader" />
    <property name="HideInSpawnMenu" value="true"/>
	<property name="ItemsOnEnterGame.GameModeSurvival" value="TurretGuardSniperRifle,ammo762mmBulletGuard"/>
	<property name="ItemsOnEnterGame.GameModeSurvivalSP" value="TurretGuardSniperRifle,ammo762mmBulletGuard"/>
	<property name="ItemsOnEnterGame.GameModeSurvivalMP" value="TurretGuardSniperRifle,ammo762mmBulletGuard"/>
	
	<property name="MaxViewAngle" value="360"/>
	<property name="SightRange" value="35"/>
	<property name="SightLightThreshold" value="-2,150"/>
	<property name="YawRange" value="90"/>
	<property name="PitchRange" value="90"/>
	
	<effect_group>
		<passive_effect name="BuffResistance" operation="base_set" value="1" tags="buffFatiguedTrigger,buffArmSprainedCHTrigger,buffLegSprainedCHTrigger,buffLaceration,buffInfectionCatch,buffAbrasionCatch,buffInjuryStunned01CHTrigger,buffInjuryBleedingOne,buffInjuryBleedingTwo,buffInjuryBleeding,buffBurningZombie,buffBurningElement,buffBurningEnvironment,buffBurningEnvironmentHack,buffBurningFlamingArrow,buffBurningMolotov,buffIsOnFire,buffBurningWeapon,buffShocked"/>
	</effect_group>

	<property name="AIPackages" value="Oaks Ranged"/>
</entity_class>

<entity_class name="TurretGuardCompoundBowMan" extends="GuardTurretStuner">
    <property name="Archetype" value="FireStarter" />
    <property name="HideInSpawnMenu" value="true"/>
	<property name="ItemsOnEnterGame.GameModeSurvival" value="TurretGuardCompoundBow,ammo762mmBulletGuard"/>
	<property name="ItemsOnEnterGame.GameModeSurvivalSP" value="TurretGuardCompoundBow,ammo762mmBulletGuard"/>
	<property name="ItemsOnEnterGame.GameModeSurvivalMP" value="TurretGuardCompoundBow,ammo762mmBulletGuard"/>
	
	<property name="MaxViewAngle" value="360"/>
	<property name="SightRange" value="35"/>
	<property name="SightLightThreshold" value="-2,150"/>
	<property name="YawRange" value="90"/>
	<property name="PitchRange" value="90"/>
	
	<effect_group>
		<passive_effect name="BuffResistance" operation="base_set" value="1" tags="buffFatiguedTrigger,buffArmSprainedCHTrigger,buffLegSprainedCHTrigger,buffLaceration,buffInfectionCatch,buffAbrasionCatch,buffInjuryStunned01CHTrigger,buffInjuryBleedingOne,buffInjuryBleedingTwo,buffInjuryBleeding,buffBurningZombie,buffBurningElement,buffBurningEnvironment,buffBurningEnvironmentHack,buffBurningFlamingArrow,buffBurningMolotov,buffIsOnFire,buffBurningWeapon,buffShocked"/>
	</effect_group>

	<property name="AIPackages" value="Oaks Ranged"/>
</entity_class>	

<entity_class name="TurretGuardDarkstardragon" extends="GuardTurretStuner">
    <property name="Archetype" value="Darkstardragon" />
    <property name="HideInSpawnMenu" value="true"/>
	<property name="ItemsOnEnterGame.GameModeSurvival" value="GuardLeverActionRifle,ammo762mmBulletGuard"/>
	<property name="ItemsOnEnterGame.GameModeSurvivalSP" value="GuardLeverActionRifle,ammo762mmBulletGuard"/>
	<property name="ItemsOnEnterGame.GameModeSurvivalMP" value="GuardLeverActionRifle,ammo762mmBulletGuard"/>
	
	<property name="MaxViewAngle" value="360"/>
	<property name="SightRange" value="35"/>
	<property name="SightLightThreshold" value="-2,150"/>
	<property name="YawRange" value="90"/>
	<property name="PitchRange" value="90"/>
	
	<effect_group>
		<passive_effect name="BuffResistance" operation="base_set" value="1" tags="buffFatiguedTrigger,buffArmSprainedCHTrigger,buffLegSprainedCHTrigger,buffLaceration,buffInfectionCatch,buffAbrasionCatch,buffInjuryStunned01CHTrigger,buffInjuryBleedingOne,buffInjuryBleedingTwo,buffInjuryBleeding,buffBurningZombie,buffBurningElement,buffBurningEnvironment,buffBurningEnvironmentHack,buffBurningFlamingArrow,buffBurningMolotov,buffIsOnFire,buffBurningWeapon,buffShocked"/>
	</effect_group>

	<property name="AIPackages" value="Oaks Ranged"/>
</entity_class>	

<entity_class name="TurretGuardJoJo" extends="GuardTurretStuner">
    <property name="Archetype" value="jojo" />
    <property name="HideInSpawnMenu" value="true"/>
	<property name="ItemsOnEnterGame.GameModeSurvival" value="GuardPipeRifle,ammo762mmBulletGuard"/>
	<property name="ItemsOnEnterGame.GameModeSurvivalSP" value="GuardPipeRifle,ammo762mmBulletGuard"/>
	<property name="ItemsOnEnterGame.GameModeSurvivalMP" value="GuardPipeRifle,ammo762mmBulletGuard"/>
	
	<property name="MaxViewAngle" value="360"/>
	<property name="SightRange" value="35"/>
	<property name="SightLightThreshold" value="-2,150"/>
	<property name="YawRange" value="90"/>
	<property name="PitchRange" value="90"/>
	
	<effect_group>
		<passive_effect name="BuffResistance" operation="base_set" value="1" tags="buffFatiguedTrigger,buffArmSprainedCHTrigger,buffLegSprainedCHTrigger,buffLaceration,buffInfectionCatch,buffAbrasionCatch,buffInjuryStunned01CHTrigger,buffInjuryBleedingOne,buffInjuryBleedingTwo,buffInjuryBleeding,buffBurningZombie,buffBurningElement,buffBurningEnvironment,buffBurningEnvironmentHack,buffBurningFlamingArrow,buffBurningMolotov,buffIsOnFire,buffBurningWeapon,buffShocked"/>
	</effect_group>

	<property name="AIPackages" value="Oaks Ranged"/>
</entity_class>	

<entity_class name="TurretGuardLezabel" extends="GuardTurretStuner">
    <property name="Archetype" value="Lezabel" />
    <property name="HideInSpawnMenu" value="true"/>
	<property name="ItemsOnEnterGame.GameModeSurvival" value="GuardMachineGun,ammo762mmBulletGuard"/>
	<property name="ItemsOnEnterGame.GameModeSurvivalSP" value="GuardMachineGun,ammo762mmBulletGuard"/>
	<property name="ItemsOnEnterGame.GameModeSurvivalMP" value="GuardMachineGun,ammo762mmBulletGuard"/>
	
	<property name="MaxViewAngle" value="360"/>
	<property name="SightRange" value="35"/>
	<property name="SightLightThreshold" value="-2,150"/>
	<property name="YawRange" value="90"/>
	<property name="PitchRange" value="90"/>
	
	<effect_group>
		<passive_effect name="BuffResistance" operation="base_set" value="1" tags="buffFatiguedTrigger,buffArmSprainedCHTrigger,buffLegSprainedCHTrigger,buffLaceration,buffInfectionCatch,buffAbrasionCatch,buffInjuryStunned01CHTrigger,buffInjuryBleedingOne,buffInjuryBleedingTwo,buffInjuryBleeding,buffBurningZombie,buffBurningElement,buffBurningEnvironment,buffBurningEnvironmentHack,buffBurningFlamingArrow,buffBurningMolotov,buffIsOnFire,buffBurningWeapon,buffShocked"/>
	</effect_group>

	<property name="AIPackages" value="Oaks Ranged"/>
</entity_class>

<entity_class name="TurretGuardOakraven" extends="GuardTurretStuner">
    <property name="Archetype" value="Oakraven" />
    <property name="HideInSpawnMenu" value="true"/>
	<property name="ItemsOnEnterGame.GameModeSurvival" value="GuardSniperRifle,ammo762mmBulletGuard"/>
	<property name="ItemsOnEnterGame.GameModeSurvivalSP" value="GuardSniperRifle,ammo762mmBulletGuard"/>
	<property name="ItemsOnEnterGame.GameModeSurvivalMP" value="GuardSniperRifle,ammo762mmBulletGuard"/>
	
	<property name="MaxViewAngle" value="360"/>
	<property name="SightRange" value="35"/>
	<property name="SightLightThreshold" value="-2,150"/>
	<property name="YawRange" value="90"/>
	<property name="PitchRange" value="90"/>
	
	<effect_group>
		<passive_effect name="BuffResistance" operation="base_set" value="1" tags="buffFatiguedTrigger,buffArmSprainedCHTrigger,buffLegSprainedCHTrigger,buffLaceration,buffInfectionCatch,buffAbrasionCatch,buffInjuryStunned01CHTrigger,buffInjuryBleedingOne,buffInjuryBleedingTwo,buffInjuryBleeding,buffBurningZombie,buffBurningElement,buffBurningEnvironment,buffBurningEnvironmentHack,buffBurningFlamingArrow,buffBurningMolotov,buffIsOnFire,buffBurningWeapon,buffShocked"/>
	</effect_group>

	<property name="AIPackages" value="Oaks Ranged"/>
</entity_class>	

	</append>

	<set xpath="/entity_classes/entity_class[@name='zombieTemplateMale']/property[@name='AITask-5']/@data">class=EntityNPC,0,EntityEnemyAnimal,0,EntityPlayer,0,EntityAnimalStag</set>
    <set xpath="/entity_classes/entity_class[@name='zombieTemplateMale']/property[@name='AITarget-1']/@data">class=EntityNPC,EntityEnemyAnimal,EntityPlayer,EntityAnimalStag</set>
    <set xpath="/entity_classes/entity_class[@name='zombieTemplateMale']/property[@name='AITarget-4']/@data">class=EntityPlayer,0,0,EntityNPC,0,0,EntityAnimalStag,0,0</set>
    <set xpath="/entity_classes/entity_class[@name='zombieFatCop']/property[@name='AITask-3']/@data">class=EntityNPC,0,EntityEnemyAnimal,0,EntityPlayer,0,EntityAnimalStag</set>
    <set xpath="/entity_classes/entity_class[@name='zombieDemolition']/property[@name='AITask-3']/@data">class=EntityNPC,0,EntityEnemyAnimal,0,EntityPlayer,0,EntityAnimalStag</set>
    <set xpath="/entity_classes/entity_class[@name='animalTemplateHostile']/property[@name='AITask-2']/@data">class=EntityNPC,20,EntityPlayer,20,EntityAnimalStag,20</set>
    <set xpath="/entity_classes/entity_class[@name='animalTemplateHostile']/property[@name='AITarget-4']/@data">class=EntityPlayer,20,15,EntityNPC,15,10,EntityAnimalStag,20,15</set>
    <set xpath="/entity_classes/entity_class[@name='animalZombieDog']/property[@name='AITask-3']/@data">class=EntityPlayer,20,EntityNPC,20,EntityAnimalStag,20</set>
    <set xpath="/entity_classes/entity_class[@name='animalZombieDog']/property[@name='AITarget-1']/@data">class=EntityPlayer,EntityNPC,EntityAnimalStag</set>
    <set xpath="/entity_classes/entity_class[@name='animalZombieDog']/property[@name='AITarget-4']/@data">class=EntityPlayer,20,0,EntityNPC,0,0,EntityAnimalStag,20,0</set>
    <set xpath="/entity_classes/entity_class[@name='animalBossGrace']/property[@name='AITask-4']/@data">class=EntityNPC,0,EntityEnemyAnimal,0,EntityPlayer,0,EntityAnimalStag</set>
    <set xpath="/entity_classes/entity_class[@name='animalBossGrace']/property[@name='AITarget-4']/@data">class=EntityPlayer,20,0,EntityNPC,0,0,EntityAnimalStag,20,0</set>	
	
</configs>