<configs>
	<append xpath="/recipes">

	<recipe name="ChickenFeed" craft_time="20" count="1" craft_area="campfire" craft_tool="toolCookingPot">
		<ingredient name="foodCropPotato" count="2"/>
		<ingredient name="foodCornMeal" count="2"/>
		<ingredient name="drinkJarBoiledWater" count="1"/>
	</recipe>

	<recipe name="RabbitFeed" craft_time="20" count="1" craft_area="campfire" craft_tool="toolCookingPot">
		<ingredient name="foodCropPumpkin" count="2"/>
		<ingredient name="foodCropBlueberries" count="2"/>
		<ingredient name="foodCropCorn" count="1"/>
		<ingredient name="drinkJarBoiledWater" count="1"/>
	</recipe>
	
	<recipe name="Mycelium" craft_time="20" count="1" craft_area="campfire" craft_tool="toolCookingPot">
		<ingredient name="resourceYuccaFibers" count="5"/>
		<ingredient name="resourceCropCoffeeBeans" count="1"/>
		<ingredient name="plantedMushroom1" count="1"/>		
		<ingredient name="drinkJarBoiledWater" count="1"/>		
	</recipe>	

	<recipe name="ChickenCoop-Needs-ChickenFeed" craft_time="40" count="1"  craft_area="workbench" tags="workbenchCrafting">
		<ingredient name="resourceWood" count="40"/>
		<ingredient name="resourceForgedIron" count="5"/>
		<ingredient name="resourceNail" count="15"/>
		<ingredient name="resourceCloth" count="10"/>
	</recipe>
	
	<recipe name="RabbitCageTrap-Needs-RabbitFeed" craft_time="40" count="1"  craft_area="workbench" tags="workbenchCrafting">
		<ingredient name="resourceScrapPolymers" count="40"/>
		<ingredient name="resourceForgedIron" count="5"/>
		<ingredient name="resourceNail" count="15"/>
		<ingredient name="resourceCloth" count="10"/>
	</recipe>
	
	<recipe name="MushroomFruiting-Needs-MushroomMycelium" craft_time="40" count="1"  craft_area="workbench" tags="workbenchCrafting">
		<ingredient name="resourceScrapPolymers" count="40"/>
		<ingredient name="resourceForgedIron" count="10"/>
		<ingredient name="resourceNail" count="15"/>
		<ingredient name="resourceCloth" count="10"/>		
	</recipe>	

	<!--recipe name="vehicleFarmJeepPlaceable" count="1" craft_time="60" craft_area="workbench" tags="workbenchCrafting">
		<ingredient name="resourceDuctTape" count="4"/>
		<ingredient name="resourceScrapPolymers" count="10"/>
		<ingredient name="resourceForgedIron" count="10"/>
		<ingredient name="resourceElectricParts" count="10"/>
		<ingredient name="resourceMechanicalParts" count="10"/>
	</recipe-->	
	
	</append>

</configs>