<configs>

	<insertBefore xpath="/traders/trader_item_groups/trader_item_group[@name='modMeleeT1']">
	
		<trader_item_group name="guards">
			<!--item name="GuardZeus1"/>
			<item name="GuardPsyren1"/>
			<item name="GuardLizzy1"/>
			<item name="GuardSimAlastair1"/-->
			<item name="GuardRabbit1"/>
			<item name="GuardHellLion1"/>
			<item name="GuardHellWolf1"/>
			<item name="GuardHellBoar1"/>
			<item name="GuardHellBear1"/>
			<item name="GuardDogLead1"/>
			<item name="GuardDogCoal1"/>
			<item name="GuardDogNitrate1"/>
			<item name="GuardDogShale1"/>			
		</trader_item_group>

		<trader_item_group name="petanimals">
			<item name="PetPig1"/>
			<item name="PetStag1"/>
			<item name="PetBoar1"/>
			<item name="PetBear1"/>
			<item name="PetWolf1"/>
			<item name="PetCoyote1"/>
			<item name="PetDoe1"/>			
		</trader_item_group>
		
	</insertBefore>

	<append xpath="/traders/trader_item_groups/trader_item_group[@name='traderAlways']">
		<item group="guards" count="1,2"/>
		<item group="petanimals" count="1,5"/>		
	</append>
	
</configs>
