<config>
	<append xpath="/archetypes">
	
	
		
		<archetype name="GuardJack" male="true" hair_color="255,105,180" eye_color="99,62,14" skin_color="139,193,228" type="Player" stance="Like" voice_set="trader">
			<base_mesh_parts>
				<part slot="head" layer="base" mesh="male_base_face">
					<!-- <texture name="male_head_old" color="skin" /> -->
					<texture name="male_head_zombie" color="skin" />
					<texture name="male_hair_overlay" color="hair" />
					<texture name="male_head_wound" color="72,23,16,255" />
					<texture name="unisex_face_dirt_overlay" color="100,80,100,255" />
				</part>
				<part slot="head" layer="inner" mesh="male_shaggy_hair">
					<texture name="male_shaggy_hair" color="255,105,180" />
				</part>
				<part slot="head" layer="outer" mesh="unisex_gear_cowboyhat">
					<texture name="unisex_gear_cowboyhat" color="255,105,180"/>
					<texture name="unisex_face_dirt_overlay" color="100,80,100,175" />
					<texture name="female_torso_wound" color="126,13,18,200" />
				</part>
				<part slot="face" layer="base" mesh="male_spaniard_goatee">
					<texture name="male_shaggy_hair" color="hair" />
				</part>
				<part slot="eyes" layer="base" mesh="male_base_eyes">
					<texture name="unisex_eye_bloodshot" color="255,105,180" />
					<texture name="unisex_iris" color="eye" />
				</part>
				<part slot="hands" layer="base" mesh="male_base_hands">
					<texture name="male_hands" color="skin" />
					<texture name="unisex_face_dirt_overlay" color="100,80,100,255" />
				</part>
				<part slot="chest" layer="base" mesh="male_base_chest">
					<texture name="male_torso" color="skin" />
					<texture name="unisex_dirt_overlay" color="100,80,100,255" />
				</part>
				<part slot="legs" layer="base" mesh="male_base_legs">
					<texture name="male_legs" color="skin"/>
					<texture name="shorts" color="255,105,180"/>
					<texture name="male_torso_wound" color="255,0,0"/>
					<texture name="unisex_dirt_overlay" color="255,100,100"/>
				</part>
				<part slot="feet" layer="base" mesh="female_goth_boots">
					<texture name="unisex_goth_boots" color="255,105,180" />
					<texture name="unisex_face_dirt_overlay" color="100,80,100,255" />
				</part>
			</base_mesh_parts>
			<preview_mesh_parts>
			</preview_mesh_parts>
			<expression blink="true" blink_duration="0.15" blink_min_delay="5" blink_max_delay="15" saccades="true">
				<gene name="neckUp_Down" value="0" />
				<gene name="neckLeft_Right" value="0" />
				<gene name="neckTiltLeft_Right" value="0" />
				<gene name="headUp_Down" value="0" />
				<gene name="headLeft_Right" value="0" />
				<gene name="headTiltLeft_Right" value="0" />
				<gene name="jawOpen_Close" value="0" />
				<gene name="jawForward_Back" value="0" />
				<gene name="jawLeft_Right" value="0" />
				<gene name="mouthLeft_Right" value="0" />
				<gene name="mouthUp_Down" value="0" />
				<gene name="mouthNarrow_Pucker" value="0" />
				<gene name="tongueOut" value="0" />
				<gene name="tongueCurl" value="0" />
				<gene name="tongueUp_Down" value="0" />
				<gene name="tongueLeft_Right" value="0" />
				<gene name="tongueWide_Narrow" value="0" />
				<gene name="leftMouthSmile_Frown" value="0" />
				<gene name="rightMouthSmile_Frown" value="0" />
				<gene name="leftLowerLipUp_Down" value="0" />
				<gene name="rightLowerLipUp_Down" value="0" />
				<gene name="leftUpperLipUp_Down" value="0" />
				<gene name="rightUpperLipUp_Down" value="0" />
				<gene name="leftCheekPuff_Squint" value="0" />
				<gene name="rightCheekPuff_Squint" value="0" />
				<gene name="noseSneer" value="0" />
				<gene name="leftEyeOpen_Close" value="0" />
				<gene name="rightEyeOpen_Close" value="0" />
				<gene name="leftEyeUp_Down" value="0" />
				<gene name="rightEyeUp_Down" value="0" />
				<gene name="leftEyeIn_Out" value="0" />
				<gene name="rightEyeIn_Out" value="0" />
				<gene name="browsIn" value="0" />
				<gene name="leftBrowUp_Down" value="0" />
				<gene name="rightBrowUp_Down" value="0" />
				<gene name="midBrowUp_Down" value="0" />
			</expression>
			<dna>
				<gene name="height" value="0.85" />
				<gene name="headSize" value="0.76" />
				<gene name="headWidth" value="0.865" />
				<gene name="handsSize" value="0.875" />
				<gene name="feetSize" value="0.815" />
				<gene name="muscle" value="0.69" />
				<gene name="weight" value="0.77" />
				<gene name="gluteusSize" value="0.755" />
				<gene name="earsSize" value="1" />
				<gene name="earsPosition" value="0.39" />
				<gene name="earsRotation" value="0.52" />
				<gene name="noseSize" value="0.89" />
				<gene name="noseCurve" value="1" />
				<gene name="noseWidth" value="1" />
				<gene name="noseInclination" value="0.43" />
				<gene name="nosePosition" value="0.135" />
				<gene name="nosePronounced" value="0.5" />
				<gene name="noseFlatten" value="0.81" />
				<gene name="chinSize" value="0.28" />
				<gene name="chinPronounced" value="0.54" />
				<gene name="chinPosition" value="0.5" />
				<gene name="mandibleSize" value="0.46" />
				<gene name="jawsSize" value="0.625" />
				<gene name="jawsPosition" value="0.26" />
				<gene name="cheekSize" value="0.245" />
				<gene name="cheekPosition" value="0.35" />
				<gene name="lowCheekPronounced" value="0.6" />
				<gene name="lowCheekPosition" value="0.02" />
				<gene name="foreheadSize" value="0.69" />
				<gene name="foreheadPosition" value="0.71" />
				<gene name="lipsSize" value="0.69" />
				<gene name="mouthSize" value="0.555" />
				<gene name="eyeRotation" value="0.53" />
				<gene name="eyeSize" value="0.33" />
				<gene name="breastSize" value="0" />
			</dna>
		</archetype>
		
		<archetype name="Lizzy" male="false" hair_color="4,2,2" eye_color="34,17,7" skin_color="69,49,43" type="Player" stance="Like" voice_set="trader">
		<base_mesh_parts>
			<part slot="head" layer="base" mesh="female_base_face_pretty">
				<texture name="female_head" color="skin"/>
				<texture name="female_hair_overlay" color="hair"/>
				<texture name="female_eyebrow_angled" color="hair"/>
				<texture name="female_head_lipstick" color="76,40,43,255"/>
				<texture name="female_eyeshadow" color="0,0,0,255"/>
				<texture name="female_eyeliner" color="0,0,0,255"/>
				<texture name="female_blush" color="47,27,22,255"/>
			</part>
			<part slot="eyes" layer="inner" mesh="female_base_eyelashes_pretty">
				<texture name="female_eyelashes_thick" color="hair"/>
			</part>
			<part slot="head" layer="inner" mesh="unisex_hair_afro">
				<texture name="unisex_hair_afro" color="hair"/>
			</part>
			<part slot="eyes" layer="base" mesh="female_base_eyes">
				<texture name="unisex_eye_shaded" color="255,255,255"/>
				<texture name="unisex_iris_large" color="eye"/>
			</part>
			<part slot="hands" layer="base" mesh="female_base_hands">
				<texture name="female_hands" color="skin"/>
			</part>
			<part slot="chest" layer="base" mesh="female_base_chest">
				<texture name="female_torso" color="skin"/>
			</part>
			<part slot="chest" layer="base" mesh="female_base_chest">
				<texture name="female_torso" color="skin"/>
				<texture name="female_tanktop" color="49,126,255,255"/>
			</part>
			<part slot="legs" layer="base" mesh="female_clothes_goth_pants">
				<texture name="unisex_clothes_goth_pants" color="255,255,255"/>
			</part>
			<part slot="feet" layer="base" mesh="female_goth_boots">
				<texture name="unisex_goth_boots" color="255,255,255"/>
			</part>
		</base_mesh_parts>
			<preview_mesh_parts>
			</preview_mesh_parts>
		<expression blink="true" blink_duration="0.15" blink_min_delay="5" blink_max_delay="15" saccades="true">
			<gene name="neckUp_Down" value="0"/>
			<gene name="neckLeft_Right" value="0"/>
			<gene name="neckTiltLeft_Right" value="0"/>
			<gene name="headUp_Down" value="0"/>
			<gene name="headLeft_Right" value="0"/>
			<gene name="headTiltLeft_Right" value="0"/>
			<gene name="jawOpen_Close" value="0"/>
			<gene name="jawForward_Back" value="0"/>
			<gene name="jawLeft_Right" value="0"/>
			<gene name="mouthLeft_Right" value="0"/>
			<gene name="mouthUp_Down" value="0"/>
			<gene name="mouthNarrow_Pucker" value="0"/>
			<gene name="tongueOut" value="0"/>
			<gene name="tongueCurl" value="0"/>
			<gene name="tongueUp_Down" value="0"/>
			<gene name="tongueLeft_Right" value="0"/>
			<gene name="tongueWide_Narrow" value="0"/>
			<gene name="leftMouthSmile_Frown" value="0"/>
			<gene name="rightMouthSmile_Frown" value="0"/>
			<gene name="leftLowerLipUp_Down" value="0"/>
			<gene name="rightLowerLipUp_Down" value="0"/>
			<gene name="leftUpperLipUp_Down" value="0"/>
			<gene name="rightUpperLipUp_Down" value="0"/>
			<gene name="leftCheekPuff_Squint" value="0"/>
			<gene name="rightCheekPuff_Squint" value="0"/>
			<gene name="noseSneer" value="0"/>
			<gene name="leftEyeOpen_Close" value="0"/>
			<gene name="rightEyeOpen_Close" value="0"/>
			<gene name="leftEyeUp_Down" value="0"/>
			<gene name="rightEyeUp_Down" value="0"/>
			<gene name="leftEyeIn_Out" value="0"/>
			<gene name="rightEyeIn_Out" value="0"/>
			<gene name="browsIn" value="0"/>
			<gene name="leftBrowUp_Down" value="0"/>
			<gene name="rightBrowUp_Down" value="0"/>
			<gene name="midBrowUp_Down" value="0"/>
		</expression>
		<dna>
			<gene name="height" value="0.78"/>
			<gene name="headSize" value="0.5"/>
			<gene name="headWidth" value="0.54"/>
			<gene name="handsSize" value="0.5"/>
			<gene name="feetSize" value="0.5"/>
			<gene name="muscle" value="0.515"/>
			<gene name="weight" value="0.55"/>
			<gene name="gluteusSize" value="0.835"/>
			<gene name="earsSize" value="0.5"/>
			<gene name="earsPosition" value="0.5"/>
			<gene name="earsRotation" value="0.5"/>
			<gene name="noseSize" value="0.21"/>
			<gene name="noseCurve" value="0.24"/>
			<gene name="noseWidth" value="1"/>
			<gene name="noseInclination" value="0.23"/>
			<gene name="nosePosition" value="0.5"/>
			<gene name="nosePronounced" value="0.495"/>
			<gene name="noseFlatten" value="0.5"/>
			<gene name="chinSize" value="0.995"/>
			<gene name="chinPronounced" value="0.865"/>
			<gene name="chinPosition" value="0.23"/>
			<gene name="mandibleSize" value="0.465"/>
			<gene name="jawsSize" value="0.865"/>
			<gene name="jawsPosition" value="0.005"/>
			<gene name="cheekSize" value="1"/>
			<gene name="cheekPosition" value="0.44"/>
			<gene name="lowCheekPronounced" value="0.995"/>
			<gene name="lowCheekPosition" value="0.995"/>
			<gene name="foreheadSize" value="0.57"/>
			<gene name="foreheadPosition" value="0"/>
			<gene name="lipsSize" value="0.56"/>
			<gene name="mouthSize" value="1"/>
			<gene name="eyeRotation" value="0.445"/>
			<gene name="eyeSize" value="0.54"/>
			<gene name="breastSize" value="1"/>
		</dna>
	</archetype>
	
	<archetype name="GuardPsyren"  male="false" hair_color="85,70,60" eye_color="100,110,115" skin_color="255,255,255" type="Player" stance="Like" voice_set="trader">
		<base_mesh_parts>
			<part slot="head" layer="base" mesh="female_base_face">
				<texture name="female_head" color="skin"/>
				<texture name="female_hair_overlay" color="hair"/>
				<texture name="unisex_tattoo_tribal" color="5,10,15"/>
			</part>
			<part slot="head" layer="outer" mesh="female_asian_eyelashes">
				<texture name="female_eyelashes" color="hair"/>
			</part>
			<part slot="head" layer="inner" mesh="female_sideshave_hair">
				<texture name="female_shaggy_hair" color="hair"/>
			</part>
			<part slot="eyes" layer="base" mesh="female_base_eyes">
				<texture name="unisex_eye_shaded" color="174,140,140,255"/>
				<texture name="unisex_iris_large" color="eye"/>
			</part>
			<part slot="chest" layer="outer" mesh="male_armor_heavy_bandit_chest">
					<texture name="unisex_bandit_armor" color="255,255,255"/>
				</part>
			<part slot="chest" layer="base" mesh="female_base_chest">
				<texture name="female_torso" color="skin"/>
			</part>
			<part slot="legs" layer="base" mesh="female_base_legs">
				<texture name="female_legs" color="skin"/>
			</part>
			<part slot="feet" layer="base" mesh="female_base_feet">
				<texture name="female_feet" color="skin"/>
			</part>
			<part slot="legs" layer="outer" mesh="armor_iron_pants">
					<texture name="armor_iron_pants" color="255,255,255"/>
					<texture name="female_torso_wound" color="75,2,2"/>
				</part>
				<part slot="feet" layer="outer" mesh="armor_iron_boots">
					<texture name="armor_iron_boots" color="255,255,255"/>
				</part>
				<part slot="hands" layer="inner" mesh="armor_iron_gloves">
					<texture name="armor_iron_gloves" color="255,255,255"/>
				</part>
		</base_mesh_parts>
		<preview_mesh_parts>
		</preview_mesh_parts>
		<expression blink="true" blink_duration="0.15" blink_min_delay="5" blink_max_delay="15" saccades="true">
			<gene name="neckUp_Down" value="0"/>
			<gene name="neckLeft_Right" value="0"/>
			<gene name="neckTiltLeft_Right" value="0"/>
			<gene name="headUp_Down" value="0"/>
			<gene name="headLeft_Right" value="0"/>
			<gene name="headTiltLeft_Right" value="0"/>
			<gene name="jawOpen_Close" value="0"/>
			<gene name="jawForward_Back" value="0"/>
			<gene name="jawLeft_Right" value="0"/>
			<gene name="mouthLeft_Right" value="0"/>
			<gene name="mouthUp_Down" value="0"/>
			<gene name="mouthNarrow_Pucker" value="0"/>
			<gene name="tongueOut" value="0"/>
			<gene name="tongueCurl" value="0"/>
			<gene name="tongueUp_Down" value="0"/>
			<gene name="tongueLeft_Right" value="0"/>
			<gene name="tongueWide_Narrow" value="0"/>
			<gene name="leftMouthSmile_Frown" value="-0.2"/>
			<gene name="rightMouthSmile_Frown" value="-0.2"/>
			<gene name="leftLowerLipUp_Down" value="0"/>
			<gene name="rightLowerLipUp_Down" value="0"/>
			<gene name="leftUpperLipUp_Down" value="0"/>
			<gene name="rightUpperLipUp_Down" value="0"/>
			<gene name="leftCheekPuff_Squint" value="0"/>
			<gene name="rightCheekPuff_Squint" value="0"/>
			<gene name="noseSneer" value="0"/>
			<gene name="leftEyeOpen_Close" value="0"/>
			<gene name="rightEyeOpen_Close" value="0"/>
			<gene name="leftEyeUp_Down" value="0"/>
			<gene name="rightEyeUp_Down" value="0"/>
			<gene name="leftEyeIn_Out" value="0"/>
			<gene name="rightEyeIn_Out" value="0"/>
			<gene name="browsIn" value="0"/>
			<gene name="leftBrowUp_Down" value="0"/>
			<gene name="rightBrowUp_Down" value="0"/>
			<gene name="midBrowUp_Down" value="0"/>
		</expression>
		<dna>
			<gene name="height" value="0.5"/>
			<gene name="headSize" value="0.5"/>
			<gene name="headWidth" value="0.78"/>
			<gene name="handsSize" value="0.6"/>
			<gene name="feetSize" value="0.58"/>
			<gene name="muscle" value="0.555"/>
			<gene name="weight" value="0.63"/>
			<gene name="gluteusSize" value="1"/>
			<gene name="earsSize" value="0.31"/>
			<gene name="earsPosition" value="0.49"/>
			<gene name="earsRotation" value="0.52"/>
			<gene name="noseSize" value="0.995"/>
			<gene name="noseCurve" value="1"/>
			<gene name="noseWidth" value="0.89"/>
			<gene name="noseInclination" value="0.41"/>
			<gene name="nosePosition" value="0.47"/>
			<gene name="nosePronounced" value="0.51"/>
			<gene name="noseFlatten" value="0.47"/>
			<gene name="chinSize" value="0.925"/>
			<gene name="chinPronounced" value="0"/>
			<gene name="chinPosition" value="0.52"/>
			<gene name="mandibleSize" value="0.38"/>
			<gene name="jawsSize" value="0.96"/>
			<gene name="jawsPosition" value="0"/>
			<gene name="cheekSize" value="0.745"/>
			<gene name="cheekPosition" value="0.995"/>
			<gene name="lowCheekPronounced" value="0.21"/>
			<gene name="lowCheekPosition" value="0.37"/>
			<gene name="foreheadSize" value="0"/>
			<gene name="foreheadPosition" value="0"/>
			<gene name="lipsSize" value="0.77"/>
			<gene name="mouthSize" value="0.9"/>
			<gene name="eyeRotation" value="0.495"/>
			<gene name="eyeSize" value="0.535"/>
			<gene name="breastSize" value="0.845"/>
		</dna>
	</archetype>
	
	<archetype name="GuardZeus" male="true" hair_color="85,70,60" eye_color="100,110,115" skin_color="255,255,255" type="Player" stance="Like" voice_set="trader">
		<base_mesh_parts>
			<part slot="head" layer="base" mesh="male_base_face">
				<texture name="male_head" color="skin"/>
				<texture name="male_head_old" color="skin"/>
				<texture name="unisex_tattoo_tribal" color="15,20,25"/>
				<texture name="male_head_beard" color="hair"/>
				<texture name="male_shaggy_eyebrows" color="hair"/>
			</part>
			<part slot="head" layer="inner" mesh="unisex_hair_raider">
				<texture name="male_shaggy_hair" color="hair"/>
			</part>
			<part slot="face" layer="base" mesh="male_shaggy_beard">
				<texture name="male_shaggy_hair" color="hair"/>
			</part>
			<part slot="hands" layer="inner" mesh="armor_iron_gloves">
					<texture name="armor_iron_gloves" color="255,255,255"/>
				</part>
			<part slot="chest" layer="outer" mesh="male_armor_heavy_bandit_chest">
					<texture name="unisex_bandit_armor" color="255,255,255"/>
				</part>
			<part slot="chest" layer="base" mesh="female_base_chest">
				<texture name="female_torso" color="skin"/>
			</part>
			<part slot="legs" layer="base" mesh="clothes_goth_pants">
				<texture name="unisex_clothes_goth_pants" color="160, 200, 255"/>
			</part>
			<part slot="legs" layer="outer" mesh="armor_iron_pants">
					<texture name="armor_iron_pants" color="255,255,255"/>
					<texture name="female_torso_wound" color="75,2,2"/>
				</part>
				<part slot="feet" layer="outer" mesh="armor_iron_boots">
					<texture name="armor_iron_boots" color="255,255,255"/>
			</part>
		</base_mesh_parts>
		<preview_mesh_parts>
		</preview_mesh_parts>
		<expression blink="true" blink_duration="0.15" blink_min_delay="5" blink_max_delay="15" saccades="true">
			<gene name="neckUp_Down" value="0"/>
			<gene name="neckLeft_Right" value="0"/>
			<gene name="neckTiltLeft_Right" value="0"/>
			<gene name="headUp_Down" value="0"/>
			<gene name="headLeft_Right" value="0"/>
			<gene name="headTiltLeft_Right" value="0"/>
			<gene name="jawOpen_Close" value="0"/>
			<gene name="jawForward_Back" value="0"/>
			<gene name="jawLeft_Right" value="0"/>
			<gene name="mouthLeft_Right" value="0"/>
			<gene name="mouthUp_Down" value="0"/>
			<gene name="mouthNarrow_Pucker" value="0"/>
			<gene name="tongueOut" value="0"/>
			<gene name="tongueCurl" value="0"/>
			<gene name="tongueUp_Down" value="0"/>
			<gene name="tongueLeft_Right" value="0"/>
			<gene name="tongueWide_Narrow" value="0"/>
			<gene name="leftMouthSmile_Frown" value="0"/>
			<gene name="rightMouthSmile_Frown" value="0"/>
			<gene name="leftLowerLipUp_Down" value="0"/>
			<gene name="rightLowerLipUp_Down" value="0"/>
			<gene name="leftUpperLipUp_Down" value="0"/>
			<gene name="rightUpperLipUp_Down" value="0"/>
			<gene name="leftCheekPuff_Squint" value="0"/>
			<gene name="rightCheekPuff_Squint" value="0"/>
			<gene name="noseSneer" value="0"/>
			<gene name="leftEyeOpen_Close" value="0"/>
			<gene name="rightEyeOpen_Close" value="0"/>
			<gene name="leftEyeUp_Down" value="0"/>
			<gene name="rightEyeUp_Down" value="0"/>
			<gene name="leftEyeIn_Out" value="0"/>
			<gene name="rightEyeIn_Out" value="0"/>
			<gene name="browsIn" value="0"/>
			<gene name="leftBrowUp_Down" value="0"/>
			<gene name="rightBrowUp_Down" value="0"/>
			<gene name="midBrowUp_Down" value="0"/>
		</expression>
		<dna>
			<gene name="height" value="2"/>
			<gene name="headSize" value="0.76"/>
			<gene name="headWidth" value="0.57"/>
			<gene name="handsSize" value="0.275"/>
			<gene name="feetSize" value="0.6"/>
			<gene name="muscle" value="0"/>
			<gene name="weight" value="0"/>
			<gene name="gluteusSize" value="0.57"/>
			<gene name="earsSize" value="0.76"/>
			<gene name="earsPosition" value="0.545"/>
			<gene name="earsRotation" value="0.5"/>
			<gene name="noseSize" value="0.7"/>
			<gene name="noseCurve" value="0.53"/>
			<gene name="noseWidth" value="0.49"/>
			<gene name="noseInclination" value="0.13"/>
			<gene name="nosePosition" value="0"/>
			<gene name="nosePronounced" value="0.45"/>
			<gene name="noseFlatten" value="0.59"/>
			<gene name="chinSize" value="0.28"/>
			<gene name="chinPronounced" value="0.54"/>
			<gene name="chinPosition" value="0.5"/>
			<gene name="mandibleSize" value="0.46"/>
			<gene name="jawsSize" value="0.625"/>
			<gene name="jawsPosition" value="0.5"/>
			<gene name="cheekSize" value="0.995"/>
			<gene name="cheekPosition" value="1"/>
			<gene name="lowCheekPronounced" value="0.51"/>
			<gene name="lowCheekPosition" value="0.125"/>
			<gene name="foreheadSize" value="0"/>
			<gene name="foreheadPosition" value="0"/>
			<gene name="lipsSize" value="0"/>
			<gene name="mouthSize" value="0.115"/>
			<gene name="eyeRotation" value="0.31"/>
			<gene name="eyeSize" value="1"/>
			<gene name="breastSize" value="0"/>
		</dna>
	</archetype>
	
	<archetype name="TurretGuardSim" male="true" hair_color="138, 67, 67" eye_color="40,30,24" skin_color="139,193,228" type="Player" stance="Like" voice_set="trader">
			<base_mesh_parts>
				<part slot="head" layer="base" mesh="male_base_face">
					<texture name="male_head_zombie" color="skin"/>
					<texture name="male_skull_overlay" color="0,0,0"/>
					<texture name="male_eyebrow_round" color="hair"/>
				</part>
				<part slot="head" layer="inner" mesh="female_shaggy_hair_hat">
					<texture name="female_hair_overlay" color="hair"/>
				</part>
				<part slot="head" layer="outer" mesh="gear_cowboyhat">
					<texture name="gear_cowboyhat" color="78,22,161"/>
				</part>
				<part slot="face" layer="outer" mesh="male_mouth_parts">
					<texture name="male_head_zombie" color="255,0,0"/>
				</part>
				<part slot="face" layer="base" mesh="male_beard_beast">
					<texture name="male_head_beard" color="78,22,161"/>
				</part>
				<part slot="eyes" layer="base" mesh="male_base_eyes">
					<texture name="unisex_eye_bloodshot" color="169,154,154,255"/>
				</part>
				<part slot="hands" layer="base" mesh="male_base_hands">
					<texture name="male_hands" color="skin"/>
					<texture name="unisex_dirt_overlay" color="skin"/>
					<texture name="unisex_face_dirt_overlay" color="skin"/>
				</part>
				<part slot="chest" layer="base" mesh="male_base_chest">
					<texture name="male_torso" color="skin"/>
					<texture name="unisex_dirt_overlay" color="skin"/>
					<texture name="male_torso_wound" color="78,22,161"/>
				</part>
				<part slot="chest" layer="outer" mesh="male_clothes_leather_duster">
					<texture name="unisex_clothes_leather_duster" color="78,22,161"/>
				</part>
				<part slot="legs" layer="inner" mesh="male_clothes_goth_pants">
					<texture name="unisex_clothes_goth_pants" color="78,22,161"/>
					<texture name="unisex_dirt_overlay" color="255,0,0"/>
					<texture name="unisex_face_dirt_overlay" color="78,22,161"/>
				</part>
				<part slot="feet" layer="base" mesh="male_base_feet">
					<texture name="male_feet" color="skin"/>
				</part>
				<part slot="feet" layer="outer" mesh="male_goth_boots">
					<texture name="unisex_goth_boots" color="78,22,161"/>
					<texture name="unisex_dirt_overlay" color="78,22,161"/>
				</part>
			</base_mesh_parts>
			<preview_mesh_parts></preview_mesh_parts>
			<expression blink="false" blink_duration="0.15" blink_min_delay="5" blink_max_delay="15" saccades="false">
				<gene name="neckUp_Down" value="0"/>
				<gene name="neckLeft_Right" value="0"/>
				<gene name="neckTiltLeft_Right" value="0"/>
				<gene name="headUp_Down" value="0"/>
				<gene name="headLeft_Right" value="0"/>
				<gene name="headTiltLeft_Right" value="0"/>
				<gene name="jawOpen_Close" value=".1"/>
				<gene name="jawForward_Back" value="0"/>
				<gene name="jawLeft_Right" value="0"/>
				<gene name="mouthLeft_Right" value="0"/>
				<gene name="mouthUp_Down" value="0"/>
				<gene name="mouthNarrow_Pucker" value="0"/>
				<gene name="tongueOut" value="0"/>
				<gene name="tongueCurl" value="0"/>
				<gene name="tongueUp_Down" value="0"/>
				<gene name="tongueLeft_Right" value="0"/>
				<gene name="tongueWide_Narrow" value="0"/>
				<gene name="leftMouthSmile_Frown" value="-1"/>
				<gene name="rightMouthSmile_Frown" value="-1"/>
				<gene name="leftLowerLipUp_Down" value="0"/>
				<gene name="rightLowerLipUp_Down" value="0"/>
				<gene name="leftUpperLipUp_Down" value="0"/>
				<gene name="rightUpperLipUp_Down" value="0"/>
				<gene name="leftCheekPuff_Squint" value="0"/>
				<gene name="rightCheekPuff_Squint" value="0"/>
				<gene name="noseSneer" value="1"/>
				<gene name="leftEyeOpen_Close" value="0"/>
				<gene name="rightEyeOpen_Close" value="0"/>
				<gene name="leftEyeUp_Down" value="0"/>
				<gene name="rightEyeUp_Down" value="0"/>
				<gene name="leftEyeIn_Out" value="0"/>
				<gene name="rightEyeIn_Out" value="0"/>
				<gene name="browsIn" value="0"/>
				<gene name="leftBrowUp_Down" value="1"/>
				<gene name="rightBrowUp_Down" value="1"/>
				<gene name="midBrowUp_Down" value="-1"/>
			</expression>
			<dna>
				<gene name="height" value="1"/>
				<gene name="headSize" value="1"/>
				<gene name="headWidth" value="0.79"/>
				<gene name="handsSize" value="0.82"/>
				<gene name="feetSize" value="0.99"/>
				<gene name="muscle" value="1"/>
				<gene name="weight" value="0.5"/>
				<gene name="gluteusSize" value="0.995"/>
				<gene name="earsSize" value="0.5"/>
				<gene name="earsPosition" value="0.5"/>
				<gene name="earsRotation" value="0.5"/>
				<gene name="noseSize" value="0.71"/>
				<gene name="noseCurve" value="0.71"/>
				<gene name="noseWidth" value="1"/>
				<gene name="noseInclination" value="0.35"/>
				<gene name="nosePosition" value="0.675"/>
				<gene name="nosePronounced" value="0.64"/>
				<gene name="noseFlatten" value="0.94"/>
				<gene name="chinSize" value="1"/>
				<gene name="chinPronounced" value="1"/>
				<gene name="chinPosition" value="1"/>
				<gene name="mandibleSize" value="0.87"/>
				<gene name="jawsSize" value="0"/>
				<gene name="jawsPosition" value="0"/>
				<gene name="cheekSize" value="1"/>
				<gene name="cheekPosition" value="0.995"/>
				<gene name="lowCheekPronounced" value="1"/>
				<gene name="lowCheekPosition" value="0.995"/>
				<gene name="foreheadSize" value="1"/>
				<gene name="foreheadPosition" value="0"/>
				<gene name="lipsSize" value="1"/>
				<gene name="mouthSize" value="2"/>
				<gene name="eyeRotation" value="12"/>
				<gene name="eyeSize" value="1"/>
				<gene name="breastSize" value="0.5"/>
			</dna>
		</archetype>
		
		<archetype name="TurretGuardLizzy" male="false" hair_color="138, 67, 67" eye_color="40,30,24" skin_color="139,193,228" type="Player" stance="Like" voice_set="trader">
			<base_mesh_parts>
				<part slot="head" layer="base" mesh="female_base_face">
					<!-- <texture name="female_head" color="skin" /> -->
					<texture name="female_head_zombie" color="skin" />
					<texture name="female_hair_overlay" color="hair" />
					<texture name="female_eyebrow_round" color="hair" />
					<texture name="unisex_face_dirt_overlay" color="100,80,100,255" />
				</part>
				<part slot="head" layer="inner" mesh="unisex_hair_dreads">
					<texture name="unisex_hair_dreads" color="hair" />
				</part>
				<part slot="eyes" layer="base" mesh="female_base_eyes">
					<texture name="unisex_eye_bloodshot" color="255,0,0" />
					<texture name="unisex_iris" color="eye" />
				</part>
				<part slot="eyes" layer="inner" mesh="female_base_eyelashes">
					<texture name="female_eyelashes" color="hair" />
				</part>
				<part slot="hands" layer="base" mesh="female_base_hands">
					<texture name="female_hands" color="skin" />
					<texture name="unisex_face_dirt_overlay" color="100,80,100,255" />
				</part>
				<part slot="chest" layer="base" mesh="female_shirt">
					<texture name="unisex_shirt" color="78,22,161" />
				</part>
				<part slot="chest" layer="outer" mesh="female_armor_kevlar_vest">
					<texture name="unisex_armor_kevlar_vest" color="78,22,161" />
					<texture name="unisex_face_dirt_overlay" color="100,80,100,175" />
					<texture name="male_torso_wound" color="126,13,18,200" />
				</part>
				<part slot="legs" layer="base" mesh="female_clothes_denim_pants">
					<texture name="female_pants_01" color="78,22,161" />
					<texture name="unisex_dirt_overlay" color="100,80,100,255" />
				</part>
				<part slot="legs" layer="outer" mesh="female_armor_kevlar_legarmor">
					<texture name="unisex_armor_kevlar_legarmor" color="78,22,161" />
					<texture name="unisex_face_dirt_overlay" color="100,80,100,175" />
					<texture name="male_torso_wound" color="126,13,18,200" />
				</part>
				<part slot="feet" layer="base" mesh="female_armor_kevlar_boots">
					<texture name="unisex_armor_kevlar_boots" color="78,22,161" />
					<texture name="unisex_face_dirt_overlay" color="100,80,100,255" />
				</part>
			</base_mesh_parts>
			<preview_mesh_parts>
			</preview_mesh_parts>
			<expression blink="true" blink_duration="0.15" blink_min_delay="5" blink_max_delay="15" saccades="true">
				<gene name="neckUp_Down" value="0" />
				<gene name="neckLeft_Right" value="0" />
				<gene name="neckTiltLeft_Right" value="0" />
				<gene name="headUp_Down" value="0" />
				<gene name="headLeft_Right" value="0" />
				<gene name="headTiltLeft_Right" value="0" />
				<gene name="jawOpen_Close" value="0" />
				<gene name="jawForward_Back" value="0" />
				<gene name="jawLeft_Right" value="0" />
				<gene name="mouthLeft_Right" value="0" />
				<gene name="mouthUp_Down" value="0" />
				<gene name="mouthNarrow_Pucker" value="0" />
				<gene name="tongueOut" value="0" />
				<gene name="tongueCurl" value="0" />
				<gene name="tongueUp_Down" value="0" />
				<gene name="tongueLeft_Right" value="0" />
				<gene name="tongueWide_Narrow" value="0" />
				<gene name="leftMouthSmile_Frown" value="0" />
				<gene name="rightMouthSmile_Frown" value="0" />
				<gene name="leftLowerLipUp_Down" value="0" />
				<gene name="rightLowerLipUp_Down" value="0" />
				<gene name="leftUpperLipUp_Down" value="0" />
				<gene name="rightUpperLipUp_Down" value="0" />
				<gene name="leftCheekPuff_Squint" value="0" />
				<gene name="rightCheekPuff_Squint" value="0" />
				<gene name="noseSneer" value="0" />
				<gene name="leftEyeOpen_Close" value="0" />
				<gene name="rightEyeOpen_Close" value="0" />
				<gene name="leftEyeUp_Down" value="0" />
				<gene name="rightEyeUp_Down" value="0" />
				<gene name="leftEyeIn_Out" value="0" />
				<gene name="rightEyeIn_Out" value="0" />
				<gene name="browsIn" value="0" />
				<gene name="leftBrowUp_Down" value="0" />
				<gene name="rightBrowUp_Down" value="0" />
				<gene name="midBrowUp_Down" value="0" />
			</expression>
			<dna>
				<gene name="height" value="0.47" />
				<gene name="headSize" value="0.5" />
				<gene name="headWidth" value="0.54" />
				<gene name="handsSize" value="0.5" />
				<gene name="feetSize" value="0.5" />
				<gene name="muscle" value="0.93" />
				<gene name="weight" value="0.5" />
				<gene name="gluteusSize" value="1" />
				<gene name="earsSize" value="0.5" />
				<gene name="earsPosition" value="0.5" />
				<gene name="earsRotation" value="0.5" />
				<gene name="noseSize" value="1" />
				<gene name="noseCurve" value="1" />
				<gene name="noseWidth" value="0.995" />
				<gene name="noseInclination" value="0.27" />
				<gene name="nosePosition" value="0.555" />
				<gene name="nosePronounced" value="0.495" />
				<gene name="noseFlatten" value="0.5" />
				<gene name="chinSize" value="0.98" />
				<gene name="chinPronounced" value="0.44" />
				<gene name="chinPosition" value="0.23" />
				<gene name="mandibleSize" value="1" />
				<gene name="jawsSize" value="0.65" />
				<gene name="jawsPosition" value="0.1" />
				<gene name="cheekSize" value="1" />
				<gene name="cheekPosition" value="0.37" />
				<gene name="lowCheekPronounced" value="0.74" />
				<gene name="lowCheekPosition" value="0.24" />
				<gene name="foreheadSize" value="0.005" />
				<gene name="foreheadPosition" value="0" />
				<gene name="lipsSize" value="1" />
				<gene name="mouthSize" value="1" />
				<gene name="eyeRotation" value="0.605" />
				<gene name="eyeSize" value="1" />
				<gene name="breastSize" value="1" />
			</dna>
		</archetype>
		
		<archetype name="TurretGuardDre" male="true" hair_color="138, 67, 67" eye_color="40,30,24" skin_color="139,193,228" type="Player" stance="Like" voice_set="trader">
			<base_mesh_parts>
				<part slot="head" layer="base" mesh="male_base_face">
					<!-- <texture name="male_head_old" color="skin" /> -->
					<texture name="male_head_zombie" color="skin" />
					<texture name="male_eyebrow_angled" color="hair" />
					<texture name="male_head_wound" color="72,23,16,255" />
					<texture name="unisex_face_dirt_overlay" color="100,80,100,255" />
				</part>
				<part slot="head" layer="outer" mesh="unisex_gear_mining_helmet">
				<texture name="unisex_gear_mining_helmet" color="78,22,161"/>
					<texture name="female_torso_wound" color="126,13,18,200" />
				</part>
				<part slot="face" layer="base" mesh="male_lawman_mustache">
					<texture name="male_shaggy_hair" color="hair" />
				</part>
				<part slot="eyes" layer="base" mesh="male_base_eyes">
					<texture name="unisex_eye_bloodshot" color="255,0,0" />
					<texture name="unisex_iris" color="eye" />
				</part>
				<part slot="hands" layer="base" mesh="male_armor_iron_gloves">
					<texture name="male_armor_iron_gloves" color="78,22,161" />
					<texture name="unisex_face_dirt_overlay" color="100,80,100,255" />
				</part>
				<part slot="chest" layer="base" mesh="male_base_chest">
					<texture name="male_torso" color="skin" />
					<texture name="unisex_face_dirt_overlay" color="100,80,100,255" />
				</part>
				<part slot="chest" layer="outer" mesh="male_armor_leather_chest">
					<texture name="male_armor_leather_chest" color="78,22,161" />
					<texture name="unisex_face_dirt_overlay" color="100,80,100,175" />
				</part>
				<part slot="legs" layer="base" mesh="male_clothes_denim_pants">
					<texture name="male_pants_01" color="78,22,161" />
					<texture name="unisex_dirt_overlay" color="100,80,100,255" />
				</part>
				<part slot="legs" layer="outer" mesh="male_armor_leather_pants">
					<texture name="male_armor_leather_pants" color="78,22,161" />
					<texture name="unisex_face_dirt_overlay" color="100,80,100,175" />
				</part>
				<part slot="feet" layer="base" mesh="male_armor_scrap_metal_feet">
					<texture name="armor_scrap_metal_feet" color="78,22,161" />
					<texture name="unisex_face_dirt_overlay" color="100,80,100,255" />
				</part>
			</base_mesh_parts>
			<preview_mesh_parts>
			</preview_mesh_parts>
			<expression blink="true" blink_duration="0.15" blink_min_delay="5" blink_max_delay="15" saccades="true">
				<gene name="neckUp_Down" value="0" />
				<gene name="neckLeft_Right" value="0" />
				<gene name="neckTiltLeft_Right" value="0" />
				<gene name="headUp_Down" value="0" />
				<gene name="headLeft_Right" value="0" />
				<gene name="headTiltLeft_Right" value="0" />
				<gene name="jawOpen_Close" value="0" />
				<gene name="jawForward_Back" value="0" />
				<gene name="jawLeft_Right" value="0" />
				<gene name="mouthLeft_Right" value="0" />
				<gene name="mouthUp_Down" value="0" />
				<gene name="mouthNarrow_Pucker" value="0" />
				<gene name="tongueOut" value="0" />
				<gene name="tongueCurl" value="0" />
				<gene name="tongueUp_Down" value="0" />
				<gene name="tongueLeft_Right" value="0" />
				<gene name="tongueWide_Narrow" value="0" />
				<gene name="leftMouthSmile_Frown" value="0" />
				<gene name="rightMouthSmile_Frown" value="0" />
				<gene name="leftLowerLipUp_Down" value="0" />
				<gene name="rightLowerLipUp_Down" value="0" />
				<gene name="leftUpperLipUp_Down" value="0" />
				<gene name="rightUpperLipUp_Down" value="0" />
				<gene name="leftCheekPuff_Squint" value="0" />
				<gene name="rightCheekPuff_Squint" value="0" />
				<gene name="noseSneer" value="0" />
				<gene name="leftEyeOpen_Close" value="0" />
				<gene name="rightEyeOpen_Close" value="0" />
				<gene name="leftEyeUp_Down" value="0" />
				<gene name="rightEyeUp_Down" value="0" />
				<gene name="leftEyeIn_Out" value="0" />
				<gene name="rightEyeIn_Out" value="0" />
				<gene name="browsIn" value="0" />
				<gene name="leftBrowUp_Down" value="0" />
				<gene name="rightBrowUp_Down" value="0" />
				<gene name="midBrowUp_Down" value="0" />
			</expression>
			<dna>
				<gene name="height" value="1" />
				<gene name="headSize" value="0.76" />
				<gene name="headWidth" value="0.865" />
				<gene name="handsSize" value="0.79" />
				<gene name="feetSize" value="0.815" />
				<gene name="muscle" value="0.615" />
				<gene name="weight" value="0.82" />
				<gene name="gluteusSize" value="0.755" />
				<gene name="earsSize" value="1" />
				<gene name="earsPosition" value="0.39" />
				<gene name="earsRotation" value="0.52" />
				<gene name="noseSize" value="0.89" />
				<gene name="noseCurve" value="1" />
				<gene name="noseWidth" value="1" />
				<gene name="noseInclination" value="0.43" />
				<gene name="nosePosition" value="0.135" />
				<gene name="nosePronounced" value="0.5" />
				<gene name="noseFlatten" value="0.81" />
				<gene name="chinSize" value="0.28" />
				<gene name="chinPronounced" value="0.54" />
				<gene name="chinPosition" value="0.5" />
				<gene name="mandibleSize" value="0.46" />
				<gene name="jawsSize" value="0.625" />
				<gene name="jawsPosition" value="0.26" />
				<gene name="cheekSize" value="0.245" />
				<gene name="cheekPosition" value="0.35" />
				<gene name="lowCheekPronounced" value="0.6" />
				<gene name="lowCheekPosition" value="0.02" />
				<gene name="foreheadSize" value="0.69" />
				<gene name="foreheadPosition" value="0.71" />
				<gene name="lipsSize" value="0.69" />
				<gene name="mouthSize" value="0.555" />
				<gene name="eyeRotation" value="0.53" />
				<gene name="eyeSize" value="0.33" />
				<gene name="breastSize" value="0" />
			</dna>
		</archetype>
	
		<archetype name="TurretGuardFox" male="false" hair_color="138, 67, 67" eye_color="40,30,24" skin_color="139,193,228" type="Player" stance="Like" voice_set="trader">
			<base_mesh_parts>
				<part slot="head" layer="base" mesh="female_base_face">
					<texture name="male_head_zombie" color="skin"/>
					<texture name="male_skull_overlay" color="0,0,0"/>
					<texture name="male_eyebrow_round" color="hair"/>
				</part>
				<part slot="head" layer="inner" mesh="female_shaggy_hair_hat">
					<texture name="female_hair_overlay" color="hair"/>
				</part>
				<part slot="head" layer="outer" mesh="gear_cowboyhat">
					<texture name="gear_cowboyhat" color="78,22,161"/>
				</part>
				<part slot="eyes" layer="base" mesh="female_base_eyes">
					<texture name="unisex_eye_bloodshot" color="255,0,0" />
					<texture name="unisex_iris_large" color="eye" />
				</part>
				<part slot="eyes" layer="inner" mesh="female_base_eyelashes_pretty">
					<texture name="female_eyelashes_thick" color="hair" />
				</part>
				<part slot="hands" layer="base" mesh="female_base_hands">
					<texture name="female_hands" color="skin" />
					<texture name="unisex_face_dirt_overlay" color="100,80,100,255" />
				</part>
				<part slot="chest" layer="base" mesh="female_base_chest">
					<texture name="female_torso" color="skin" />
					<texture name="female_tanktop" color="78,22,161" />
				</part>
				<part slot="legs" layer="base" mesh="female_clothes_goth_pants">
					<texture name="unisex_clothes_goth_pants" color="78,22,161" />
				</part>
				<part slot="feet" layer="base" mesh="female_goth_boots">
					<texture name="unisex_goth_boots" color="204,179,153" />
					<texture name="unisex_face_dirt_overlay" color="100,80,100,255" />
				</part>
			</base_mesh_parts>
			<preview_mesh_parts>
			</preview_mesh_parts>
			<expression blink="true" blink_duration="0.15" blink_min_delay="5" blink_max_delay="15" saccades="true">
				<gene name="neckUp_Down" value="0" />
				<gene name="neckLeft_Right" value="0" />
				<gene name="neckTiltLeft_Right" value="0" />
				<gene name="headUp_Down" value="0" />
				<gene name="headLeft_Right" value="0" />
				<gene name="headTiltLeft_Right" value="0" />
				<gene name="jawOpen_Close" value="0" />
				<gene name="jawForward_Back" value="0" />
				<gene name="jawLeft_Right" value="0" />
				<gene name="mouthLeft_Right" value="0" />
				<gene name="mouthUp_Down" value="0" />
				<gene name="mouthNarrow_Pucker" value="0" />
				<gene name="tongueOut" value="0" />
				<gene name="tongueCurl" value="0" />
				<gene name="tongueUp_Down" value="0" />
				<gene name="tongueLeft_Right" value="0" />
				<gene name="tongueWide_Narrow" value="0" />
				<gene name="leftMouthSmile_Frown" value="0" />
				<gene name="rightMouthSmile_Frown" value="0" />
				<gene name="leftLowerLipUp_Down" value="0" />
				<gene name="rightLowerLipUp_Down" value="0" />
				<gene name="leftUpperLipUp_Down" value="0" />
				<gene name="rightUpperLipUp_Down" value="0" />
				<gene name="leftCheekPuff_Squint" value="0" />
				<gene name="rightCheekPuff_Squint" value="0" />
				<gene name="noseSneer" value="0" />
				<gene name="leftEyeOpen_Close" value="0" />
				<gene name="rightEyeOpen_Close" value="0" />
				<gene name="leftEyeUp_Down" value="0" />
				<gene name="rightEyeUp_Down" value="0" />
				<gene name="leftEyeIn_Out" value="0" />
				<gene name="rightEyeIn_Out" value="0" />
				<gene name="browsIn" value="0" />
				<gene name="leftBrowUp_Down" value="0" />
				<gene name="rightBrowUp_Down" value="0" />
				<gene name="midBrowUp_Down" value="0" />
			</expression>
			<dna>
				<gene name="height" value="0.78" />
				<gene name="headSize" value="0.5" />
				<gene name="headWidth" value="0.54" />
				<gene name="handsSize" value="0.5" />
				<gene name="feetSize" value="0.5" />
				<gene name="muscle" value="0.515" />
				<gene name="weight" value="0.55" />
				<gene name="gluteusSize" value="0.835" />
				<gene name="earsSize" value="0.5" />
				<gene name="earsPosition" value="0.5" />
				<gene name="earsRotation" value="0.5" />
				<gene name="noseSize" value="0.21" />
				<gene name="noseCurve" value="0.24" />
				<gene name="noseWidth" value="1" />
				<gene name="noseInclination" value="0.23" />
				<gene name="nosePosition" value="0.5" />
				<gene name="nosePronounced" value="0.495" />
				<gene name="noseFlatten" value="0.5" />
				<gene name="chinSize" value="0.995" />
				<gene name="chinPronounced" value="0.865" />
				<gene name="chinPosition" value="0.23" />
				<gene name="mandibleSize" value="0.465" />
				<gene name="jawsSize" value="0.865" />
				<gene name="jawsPosition" value="0.005" />
				<gene name="cheekSize" value="1" />
				<gene name="cheekPosition" value="0.44" />
				<gene name="lowCheekPronounced" value="0.995" />
				<gene name="lowCheekPosition" value="0.995" />
				<gene name="foreheadSize" value="0.57" />
				<gene name="foreheadPosition" value="0" />
				<gene name="lipsSize" value="0.56" />
				<gene name="mouthSize" value="1" />
				<gene name="eyeRotation" value="0.445" />
				<gene name="eyeSize" value="0.54" />
				<gene name="breastSize" value="1" />
			</dna>
		</archetype>
		
		<archetype name="Banditguardman" male="true" hair_color="138, 67, 67" eye_color="40,30,24" skin_color="139,193,228" type="Player" stance="Like" voice_set="trader">
		<base_mesh_parts>
			<part slot="head" layer="base" mesh="male_base_face">
				<texture name="male_head" color="skin"/>
				<texture name="unisex_tattoo_tribal" color="78,22,161"/>
			</part>
			<part slot="head" layer="inner" mesh="unisex_viking_braid">
				<texture name="unisex_viking_braid" color="hair"/>
			</part>
			<part slot="eyes" layer="base" mesh="male_base_eyes">
				<texture name="unisex_eye_shaded" color="255,255,255"/>
				<texture name="unisex_iris" color="eye"/>
			</part>
			<part slot="hands" layer="base" mesh="male_base_hands">
				<texture name="male_hands" color="skin"/>
			</part>
			<part slot="hands" layer="inner" mesh="male_armor_heavy_bandit_gloves">
				<texture name="unisex_bandit_armor" color="78,22,161"/>
			</part>	
			<part slot="chest" layer="base" mesh="male_base_chest">
				<texture name="male_torso" color="skin"/>
				<texture name="male_tanktop" color="78,22,161"/>
			</part>
			<part slot="chest" layer="outer" mesh="male_armor_heavy_bandit_chest">
				<texture name="unisex_bandit_armor" color="78,22,161"/>
			</part>
			<part slot="legs" layer="base" mesh="male_clothes_denim_pants">
				<texture name="male_pants_01" color="78,22,161"/>
			</part>
			<part slot="legs" layer="outer" mesh="male_armor_heavy_bandit_legarmor">
				<texture name="unisex_bandit_armor" color="78,22,161"/>
			</part>
			<part slot="feet" layer="base" mesh="armor_heavy_bandit_feet">
				<texture name="unisex_bandit_armor" color="78,22,161"/>
			</part>
		</base_mesh_parts>
		<preview_mesh_parts>		
		</preview_mesh_parts>
		<expression blink="true" blink_duration="0.15" blink_min_delay="5" blink_max_delay="15" saccades="true">
			<gene name="neckUp_Down" value="0"/>
			<gene name="neckLeft_Right" value="0"/>
			<gene name="neckTiltLeft_Right" value="0"/>
			<gene name="headUp_Down" value="0"/>
			<gene name="headLeft_Right" value="0"/>
			<gene name="headTiltLeft_Right" value="0"/>
			<gene name="jawOpen_Close" value="0"/>
			<gene name="jawForward_Back" value="0"/>
			<gene name="jawLeft_Right" value="0"/>
			<gene name="mouthLeft_Right" value="0"/>
			<gene name="mouthUp_Down" value="0"/>
			<gene name="mouthNarrow_Pucker" value="0"/>
			<gene name="tongueOut" value="0"/>
			<gene name="tongueCurl" value="0"/>
			<gene name="tongueUp_Down" value="0"/>
			<gene name="tongueLeft_Right" value="0"/>
			<gene name="tongueWide_Narrow" value="0"/>
			<gene name="leftMouthSmile_Frown" value="-0.383"/>
			<gene name="rightMouthSmile_Frown" value="-0.383"/>
			<gene name="leftLowerLipUp_Down" value="0"/>
			<gene name="rightLowerLipUp_Down" value="0"/>
			<gene name="leftUpperLipUp_Down" value="0"/>
			<gene name="rightUpperLipUp_Down" value="0"/>
			<gene name="leftCheekPuff_Squint" value="0"/>
			<gene name="rightCheekPuff_Squint" value="0"/>
			<gene name="noseSneer" value="0"/>
			<gene name="leftEyeOpen_Close" value="0"/>
			<gene name="rightEyeOpen_Close" value="0"/>
			<gene name="leftEyeUp_Down" value="0"/>
			<gene name="rightEyeUp_Down" value="0"/>
			<gene name="leftEyeIn_Out" value="0"/>
			<gene name="rightEyeIn_Out" value="0"/>
			<gene name="browsIn" value="0"/>
			<gene name="leftBrowUp_Down" value="0.23"/>
			<gene name="rightBrowUp_Down" value="0.23"/>
			<gene name="midBrowUp_Down" value="-0.774"/>
		</expression>
		<dna>
			<gene name="height" value="0.89"/>
			<gene name="headSize" value="0.5"/>
			<gene name="headWidth" value="0.5"/>
			<gene name="handsSize" value="0.69"/>
			<gene name="feetSize" value="0.47"/>
			<gene name="muscle" value="0.86"/>
			<gene name="weight" value="0.505"/>
			<gene name="gluteusSize" value="0.5"/>
			<gene name="earsSize" value="0.5"/>
			<gene name="earsPosition" value="0.5"/>
			<gene name="earsRotation" value="0.5"/>
			<gene name="noseSize" value="0.5"/>
			<gene name="noseCurve" value="0.5"/>
			<gene name="noseWidth" value="0.5"/>
			<gene name="noseInclination" value="0.125"/>
			<gene name="nosePosition" value="0.595"/>
			<gene name="nosePronounced" value="0.64"/>
			<gene name="noseFlatten" value="0.795"/>
			<gene name="chinSize" value="0.23"/>
			<gene name="chinPronounced" value="0"/>
			<gene name="chinPosition" value="0.005"/>
			<gene name="mandibleSize" value="0.59"/>
			<gene name="jawsSize" value="0"/>
			<gene name="jawsPosition" value="0.76"/>
			<gene name="cheekSize" value="0.315"/>
			<gene name="cheekPosition" value="0.08"/>
			<gene name="lowCheekPronounced" value="0.08"/>
			<gene name="lowCheekPosition" value="0.995"/>
			<gene name="foreheadSize" value="0.01"/>
			<gene name="foreheadPosition" value="0.45"/>
			<gene name="lipsSize" value="0.205"/>
			<gene name="mouthSize" value="0.5"/>
			<gene name="eyeRotation" value="0.985"/>
			<gene name="eyeSize" value="0.05"/>
			<gene name="breastSize" value="0.5"/>
		</dna>
	</archetype>
	<archetype name="BanditFemaleguard" male="false" hair_color="138, 67, 67" eye_color="40,30,24" skin_color="139,193,228" type="Player" stance="Like" voice_set="trader">
		<base_mesh_parts>
			<part slot="head" layer="base" mesh="female_base_face">
				<texture name="female_head" color="skin"/>
				<texture name="female_hair_overlay" color="hair"/>
				<texture name="unisex_tattoo_tribal" color="78,22,161"/>
			</part>
			<part slot="head" layer="outer" mesh="female_asian_eyelashes">
				<texture name="female_eyelashes" color="hair"/>
			</part>
			<part slot="head" layer="inner" mesh="female_sideshave_hair">
				<texture name="female_shaggy_hair" color="hair"/>
			</part>
			<part slot="eyes" layer="base" mesh="female_base_eyes">
				<texture name="unisex_eye_shaded" color="174,140,140,255"/>
				<texture name="unisex_iris_large" color="eye"/>
			</part>
			<part slot="hands" layer="base" mesh="female_base_hands">
				<texture name="female_hands" color="skin"/>
			</part>
			<part slot="hands" layer="inner" mesh="female_armor_heavy_bandit_gloves">
				<texture name="unisex_bandit_armor" color="78,22,161"/>
			</part>
			<part slot="chest" layer="base" mesh="female_base_chest">
				<texture name="female_torso" color="skin"/>
			</part>
			<part slot="chest" layer="outer" mesh="female_armor_heavy_bandit_chest">
				<texture name="unisex_bandit_armor" color="78,22,161"/>
			</part>
			<part slot="legs" layer="base" mesh="female_clothes_denim_pants">
				<texture name="female_pants_01" color="78,22,161"/>
			</part>
			<part slot="legs" layer="outer" mesh="female_armor_heavy_bandit_legarmor">
				<texture name="unisex_bandit_armor" color="78,22,161"/>
			</part>
			<part slot="feet" layer="base" mesh="female_armor_heavy_bandit_feet">
				<texture name="unisex_bandit_armor" color="78,22,161"/>
			</part>
			<part slot="back" layer="base" mesh="unisex_gear_backpack01">
				<texture name="unisex_gear_backpack01" color="78,22,161"/>
			</part>
		</base_mesh_parts>
		<preview_mesh_parts>			
		</preview_mesh_parts>
		<expression blink="true" blink_duration="0.15" blink_min_delay="5" blink_max_delay="15" saccades="true">
			<gene name="neckUp_Down" value="0"/>
			<gene name="neckLeft_Right" value="0"/>
			<gene name="neckTiltLeft_Right" value="0"/>
			<gene name="headUp_Down" value="0"/>
			<gene name="headLeft_Right" value="0"/>
			<gene name="headTiltLeft_Right" value="0"/>
			<gene name="jawOpen_Close" value="0"/>
			<gene name="jawForward_Back" value="0"/>
			<gene name="jawLeft_Right" value="0"/>
			<gene name="mouthLeft_Right" value="0"/>
			<gene name="mouthUp_Down" value="0"/>
			<gene name="mouthNarrow_Pucker" value="0"/>
			<gene name="tongueOut" value="0"/>
			<gene name="tongueCurl" value="0"/>
			<gene name="tongueUp_Down" value="0"/>
			<gene name="tongueLeft_Right" value="0"/>
			<gene name="tongueWide_Narrow" value="0"/>
			<gene name="leftMouthSmile_Frown" value="-0.2"/>
			<gene name="rightMouthSmile_Frown" value="-0.2"/>
			<gene name="leftLowerLipUp_Down" value="0"/>
			<gene name="rightLowerLipUp_Down" value="0"/>
			<gene name="leftUpperLipUp_Down" value="0"/>
			<gene name="rightUpperLipUp_Down" value="0"/>
			<gene name="leftCheekPuff_Squint" value="0"/>
			<gene name="rightCheekPuff_Squint" value="0"/>
			<gene name="noseSneer" value="0"/>
			<gene name="leftEyeOpen_Close" value="0"/>
			<gene name="rightEyeOpen_Close" value="0"/>
			<gene name="leftEyeUp_Down" value="0"/>
			<gene name="rightEyeUp_Down" value="0"/>
			<gene name="leftEyeIn_Out" value="0"/>
			<gene name="rightEyeIn_Out" value="0"/>
			<gene name="browsIn" value="0"/>
			<gene name="leftBrowUp_Down" value="0"/>
			<gene name="rightBrowUp_Down" value="0"/>
			<gene name="midBrowUp_Down" value="0"/>
		</expression>
		<dna>
			<gene name="height" value="0.5"/>
			<gene name="headSize" value="0.5"/>
			<gene name="headWidth" value="0.78"/>
			<gene name="handsSize" value="0.6"/>
			<gene name="feetSize" value="0.58"/>
			<gene name="muscle" value="0.555"/>
			<gene name="weight" value="0.63"/>
			<gene name="gluteusSize" value="1"/>
			<gene name="earsSize" value="0.31"/>
			<gene name="earsPosition" value="0.49"/>
			<gene name="earsRotation" value="0.52"/>
			<gene name="noseSize" value="0.995"/>
			<gene name="noseCurve" value="1"/>
			<gene name="noseWidth" value="0.89"/>
			<gene name="noseInclination" value="0.41"/>
			<gene name="nosePosition" value="0.47"/>
			<gene name="nosePronounced" value="0.51"/>
			<gene name="noseFlatten" value="0.47"/>
			<gene name="chinSize" value="0.925"/>
			<gene name="chinPronounced" value="0"/>
			<gene name="chinPosition" value="0.52"/>
			<gene name="mandibleSize" value="0.38"/>
			<gene name="jawsSize" value="0.96"/>
			<gene name="jawsPosition" value="0"/>
			<gene name="cheekSize" value="0.745"/>
			<gene name="cheekPosition" value="0.995"/>
			<gene name="lowCheekPronounced" value="0.21"/>
			<gene name="lowCheekPosition" value="0.37"/>
			<gene name="foreheadSize" value="0"/>
			<gene name="foreheadPosition" value="0"/>
			<gene name="lipsSize" value="0.77"/>
			<gene name="mouthSize" value="0.9"/>
			<gene name="eyeRotation" value="0.495"/>
			<gene name="eyeSize" value="0.535"/>
			<gene name="breastSize" value="0.845"/>
		</dna>
	</archetype>
	
	<archetype name="TurretGuardLeader" male="true" hair_color="138, 67, 67" eye_color="40,30,24" skin_color="139,193,228" type="Player" stance="Like" voice_set="trader">
		<base_mesh_parts>
			<part slot="head" layer="base" mesh="male_base_face">
				<texture name="male_head" color="skin"/>
				<texture name="male_head_old" color="skin"/>
				<texture name="unisex_tattoo_tribal" color="78,22,161"/>
				<texture name="male_head_beard" color="hair"/>
				<texture name="male_shaggy_eyebrows" color="hair"/>
			</part>
			<part slot="head" layer="inner" mesh="unisex_hair_raider">
				<texture name="male_shaggy_hair" color="hair"/>
			</part>
			<part slot="face" layer="base" mesh="male_shaggy_beard">
				<texture name="male_shaggy_hair" color="hair"/>
			</part>
			<part slot="eyes" layer="base" mesh="male_base_eyes">
				<texture name="unisex_eye_shaded" color="153,131,131,255"/>
				<texture name="unisex_iris" color="eye"/>
			</part>
			<part slot="hands" layer="base" mesh="male_base_hands">
				<texture name="male_hands" color="skin"/>
			</part>
			<part slot="hands" layer="inner" mesh="male_armor_heavy_bandit_gloves">
				<texture name="unisex_bandit_armor" color="78,22,161"/>
			</part>
			<part slot="chest" layer="base" mesh="male_base_chest">
				<texture name="male_torso" color="skin"/>
				<texture name="male_tanktop" color="78,22,161"/>
			</part>
			<part slot="chest" layer="outer" mesh="male_armor_heavy_bandit_chest">
				<texture name="unisex_bandit_armor" color="78,22,161"/>
			</part>
			<part slot="legs" layer="base" mesh="male_clothes_denim_pants">
				<texture name="male_pants_01" color="78,22,161"/>
			</part>
			<part slot="legs" layer="outer" mesh="male_armor_heavy_bandit_legarmor">
				<texture name="unisex_bandit_armor" color="78,22,161"/>
			</part>
			<part slot="feet" layer="base" mesh="armor_heavy_bandit_feet">
				<texture name="unisex_bandit_armor" color="78,22,161"/>
			</part>
		</base_mesh_parts>
		<preview_mesh_parts>
		</preview_mesh_parts>
		<expression blink="true" blink_duration="0.15" blink_min_delay="5" blink_max_delay="15" saccades="true">
			<gene name="neckUp_Down" value="0"/>
			<gene name="neckLeft_Right" value="0"/>
			<gene name="neckTiltLeft_Right" value="0"/>
			<gene name="headUp_Down" value="0"/>
			<gene name="headLeft_Right" value="0"/>
			<gene name="headTiltLeft_Right" value="0"/>
			<gene name="jawOpen_Close" value="0"/>
			<gene name="jawForward_Back" value="0"/>
			<gene name="jawLeft_Right" value="0"/>
			<gene name="mouthLeft_Right" value="0"/>
			<gene name="mouthUp_Down" value="0"/>
			<gene name="mouthNarrow_Pucker" value="0"/>
			<gene name="tongueOut" value="0"/>
			<gene name="tongueCurl" value="0"/>
			<gene name="tongueUp_Down" value="0"/>
			<gene name="tongueLeft_Right" value="0"/>
			<gene name="tongueWide_Narrow" value="0"/>
			<gene name="leftMouthSmile_Frown" value="-0.383"/>
			<gene name="rightMouthSmile_Frown" value="-0.383"/>
			<gene name="leftLowerLipUp_Down" value="0"/>
			<gene name="rightLowerLipUp_Down" value="0"/>
			<gene name="leftUpperLipUp_Down" value="0"/>
			<gene name="rightUpperLipUp_Down" value="0"/>
			<gene name="leftCheekPuff_Squint" value="0"/>
			<gene name="rightCheekPuff_Squint" value="0"/>
			<gene name="noseSneer" value="0"/>
			<gene name="leftEyeOpen_Close" value="0"/>
			<gene name="rightEyeOpen_Close" value="0"/>
			<gene name="leftEyeUp_Down" value="0"/>
			<gene name="rightEyeUp_Down" value="0"/>
			<gene name="leftEyeIn_Out" value="0"/>
			<gene name="rightEyeIn_Out" value="0"/>
			<gene name="browsIn" value="0"/>
			<gene name="leftBrowUp_Down" value="0.23"/>
			<gene name="rightBrowUp_Down" value="0.23"/>
			<gene name="midBrowUp_Down" value="-0.774"/>
		</expression>
		<dna>
			<gene name="height" value="0.89"/>
			<gene name="headSize" value="0.5"/>
			<gene name="headWidth" value="0.5"/>
			<gene name="handsSize" value="0.69"/>
			<gene name="feetSize" value="0.47"/>
			<gene name="muscle" value="0.99"/>
			<gene name="weight" value="0.58"/>
			<gene name="gluteusSize" value="0.57"/>
			<gene name="earsSize" value="0.665"/>
			<gene name="earsPosition" value="0.5"/>
			<gene name="earsRotation" value="0.5"/>
			<gene name="noseSize" value="0.995"/>
			<gene name="noseCurve" value="0.995"/>
			<gene name="noseWidth" value="0.96"/>
			<gene name="noseInclination" value="0.135"/>
			<gene name="nosePosition" value="0.345"/>
			<gene name="nosePronounced" value="0.72"/>
			<gene name="noseFlatten" value="1"/>
			<gene name="chinSize" value="0.94"/>
			<gene name="chinPronounced" value="0.64"/>
			<gene name="chinPosition" value="0.455"/>
			<gene name="mandibleSize" value="0.995"/>
			<gene name="jawsSize" value="0.98"/>
			<gene name="jawsPosition" value="0.76"/>
			<gene name="cheekSize" value="0.71"/>
			<gene name="cheekPosition" value="0.52"/>
			<gene name="lowCheekPronounced" value="0.64"/>
			<gene name="lowCheekPosition" value="0.995"/>
			<gene name="foreheadSize" value="0.34"/>
			<gene name="foreheadPosition" value="0.45"/>
			<gene name="lipsSize" value="0.29"/>
			<gene name="mouthSize" value="0.5"/>
			<gene name="eyeRotation" value="0.985"/>
			<gene name="eyeSize" value="0.05"/>
			<gene name="breastSize" value="0.5"/>
		</dna>
	</archetype>
	
	<archetype name="FireStarter" male="true" hair_color="138, 67, 67" eye_color="40,30,24" skin_color="139,193,228" type="Player" stance="Like" voice_set="trader">
		<base_mesh_parts>
			<part slot="head" layer="base" mesh="male_base_face">
				<texture name="male_head" color="skin"/>
				<texture name="male_hair_overlay" color="hair"/>
				<texture name="male_head_beard" color="hair"/>
				<texture name="male_shaggy_eyebrows" color="hair"/>
			</part>
			<part slot="head" layer="outer" mesh="unisex_gear_cowboyhat">
				<texture name="unisex_gear_cowboyhat" color="78,22,161"/>
			</part>
			<part slot="face" layer="base" mesh="male_wizard_beard">
				<texture name="male_shaggy_hair" color="hair"/>
			</part>
			<part slot="head" layer="inner" mesh="male_hair_sideshave_longtop">
				<texture name="female_shaggy_hair" color="hair"/>
			</part>
			<part slot="eyes" layer="base" mesh="male_base_eyes">
				<texture name="unisex_eye_shaded" color="255,255,255"/>
				<texture name="unisex_iris" color="eye"/>
			</part>
			<part slot="eyes" layer="inner" mesh="unisex_gear_shades">
				<texture name="unisex_gear_shades" color="78,22,161"/>
			</part>
			<part slot="hands" layer="base" mesh="male_base_hands">
				<texture name="male_hands" color="skin"/>
			</part>
			<part slot="chest" layer="base" mesh="male_plaid_shirt">
				<texture name="unisex_plaid_shirt" color="78,22,161"/>
				<texture name="unisex_plaid_shirt_overlay" color="255,255,255,255"/>
			</part>
			<part slot="legs" layer="base" mesh="male_clothes_denim_pants">
				<texture name="male_pants_01" color="78,22,161"/>
			</part>
			<part slot="feet" layer="base" mesh="male_worn_boots">
				<texture name="male_worn_boots" color="78,22,161"/>
			</part>
		</base_mesh_parts>
		<preview_mesh_parts>
		</preview_mesh_parts>
		<expression blink="true" blink_duration="0.15" blink_min_delay="5" blink_max_delay="15" saccades="true">
			<gene name="neckUp_Down" value="0"/>
			<gene name="neckLeft_Right" value="0"/>
			<gene name="neckTiltLeft_Right" value="0"/>
			<gene name="headUp_Down" value="0"/>
			<gene name="headLeft_Right" value="0"/>
			<gene name="headTiltLeft_Right" value="0"/>
			<gene name="jawOpen_Close" value="0"/>
			<gene name="jawForward_Back" value="0"/>
			<gene name="jawLeft_Right" value="0"/>
			<gene name="mouthLeft_Right" value="0"/>
			<gene name="mouthUp_Down" value="0"/>
			<gene name="mouthNarrow_Pucker" value="0"/>
			<gene name="tongueOut" value="0"/>
			<gene name="tongueCurl" value="0"/>
			<gene name="tongueUp_Down" value="0"/>
			<gene name="tongueLeft_Right" value="0"/>
			<gene name="tongueWide_Narrow" value="0"/>
			<gene name="leftMouthSmile_Frown" value="0"/>
			<gene name="rightMouthSmile_Frown" value="0"/>
			<gene name="leftLowerLipUp_Down" value="0"/>
			<gene name="rightLowerLipUp_Down" value="0"/>
			<gene name="leftUpperLipUp_Down" value="0"/>
			<gene name="rightUpperLipUp_Down" value="0"/>
			<gene name="leftCheekPuff_Squint" value="0"/>
			<gene name="rightCheekPuff_Squint" value="0"/>
			<gene name="noseSneer" value="0"/>
			<gene name="leftEyeOpen_Close" value="0"/>
			<gene name="rightEyeOpen_Close" value="0"/>
			<gene name="leftEyeUp_Down" value="0"/>
			<gene name="rightEyeUp_Down" value="0"/>
			<gene name="leftEyeIn_Out" value="0"/>
			<gene name="rightEyeIn_Out" value="0"/>
			<gene name="browsIn" value="0"/>
			<gene name="leftBrowUp_Down" value="0"/>
			<gene name="rightBrowUp_Down" value="0"/>
			<gene name="midBrowUp_Down" value="0"/>
		</expression>
		<dna>
			<gene name="height" value="0.7"/>
			<gene name="headSize" value="0.76"/>
			<gene name="headWidth" value="0.57"/>
			<gene name="handsSize" value="0.275"/>
			<gene name="feetSize" value="0.6"/>
			<gene name="muscle" value="0.995"/>
			<gene name="weight" value="0.335"/>
			<gene name="gluteusSize" value="0.44"/>
			<gene name="earsSize" value="0.76"/>
			<gene name="earsPosition" value="0.545"/>
			<gene name="earsRotation" value="0.5"/>
			<gene name="noseSize" value="0.7"/>
			<gene name="noseCurve" value="0.53"/>
			<gene name="noseWidth" value="0.49"/>
			<gene name="noseInclination" value="0.13"/>
			<gene name="nosePosition" value="0"/>
			<gene name="nosePronounced" value="0.45"/>
			<gene name="noseFlatten" value="0.59"/>
			<gene name="chinSize" value="0.28"/>
			<gene name="chinPronounced" value="0.54"/>
			<gene name="chinPosition" value="0.5"/>
			<gene name="mandibleSize" value="0.46"/>
			<gene name="jawsSize" value="0.625"/>
			<gene name="jawsPosition" value="0.5"/>
			<gene name="cheekSize" value="0.995"/>
			<gene name="cheekPosition" value="1"/>
			<gene name="lowCheekPronounced" value="0.51"/>
			<gene name="lowCheekPosition" value="0.125"/>
			<gene name="foreheadSize" value="0"/>
			<gene name="foreheadPosition" value="0"/>
			<gene name="lipsSize" value="0"/>
			<gene name="mouthSize" value="0.115"/>
			<gene name="eyeRotation" value="0.31"/>
			<gene name="eyeSize" value="1"/>
			<gene name="breastSize" value="0"/>
		</dna>
	</archetype>	
	
	</append>
</config>
