<configs>
 	<append xpath="/quests">
	
		<quest id="Rabbit_trap">
			<property name="name_key" value="Rabbit"/>
			<property name="subtitle_key" value="Get_Rabbit"/>
			<property name="description_key" value="Rabbit"/>
			<property name="icon" value="ui_game_symbol_zombie"/>
			<property name="category_key" value="quest"/>
			<property name="repeatable" value="true"/>
			<property name="difficulty" value="easy"/>
			<property name="offer_key" value="Rabbit"/>

			<reward type="Item" id="PetRabbit" value="1"/>			
		</quest>
		
		<quest id="Chicken_Hatched">
			<property name="name_key" value="Chicken"/>
			<property name="subtitle_key" value="Get_Chicken"/>
			<property name="description_key" value="Chicken"/>
			<property name="icon" value="ui_game_symbol_zombie"/>
			<property name="category_key" value="quest"/>
			<property name="repeatable" value="true"/>
			<property name="difficulty" value="easy"/>
			<property name="offer_key" value="Chicken"/>

			<reward type="Item" id="PetChicken" value="1"/>			
		</quest>
		
		<!--quest id="GuardZeus">
			<property name="name_key" value="GuardZeus"/>
			<property name="subtitle_key" value="Get_Guard"/>
			<property name="description_key" value="Guard"/>
			<property name="icon" value="ui_game_symbol_zombie"/>
			<property name="category_key" value="quest"/>
			<property name="repeatable" value="true"/>
			<property name="difficulty" value="easy"/>
			<property name="offer_key" value="GuardZeus"/>

			<reward type="Item" id="GuardZeus" value="1"/>			
		</quest>
		
		<quest id="GuardPsyren">
			<property name="name_key" value="GuardPsyren"/>
			<property name="subtitle_key" value="Get_Guard"/>
			<property name="description_key" value="Guard"/>
			<property name="icon" value="ui_game_symbol_zombie"/>
			<property name="category_key" value="quest"/>
			<property name="repeatable" value="true"/>
			<property name="difficulty" value="easy"/>
			<property name="offer_key" value="GuardPsyren"/>

			<reward type="Item" id="GuardPsyren" value="1"/>			
		</quest>
		
		<quest id="GuardLizzy">
			<property name="name_key" value="GuardLizzy"/>
			<property name="subtitle_key" value="Get_Guard"/>
			<property name="description_key" value="Guard"/>
			<property name="icon" value="ui_game_symbol_zombie"/>
			<property name="category_key" value="quest"/>
			<property name="repeatable" value="true"/>
			<property name="difficulty" value="easy"/>
			<property name="offer_key" value="GuardLizzy"/>

			<reward type="Item" id="GuardLizzy" value="1"/>			
		</quest>
		
		<quest id="GuardSimAlastair">
			<property name="name_key" value="GuardSimAlastair"/>
			<property name="subtitle_key" value="Get_Guard"/>
			<property name="description_key" value="Guard"/>
			<property name="icon" value="ui_game_symbol_zombie"/>
			<property name="category_key" value="quest"/>
			<property name="repeatable" value="true"/>
			<property name="difficulty" value="easy"/>
			<property name="offer_key" value="GuardSimAlastair"/>

			<reward type="Item" id="GuardSimAlastair" value="1"/>			
		</quest-->
		
		<quest id="GuardRabbit">
			<property name="name_key" value="GuardRabbit"/>
			<property name="subtitle_key" value="Get_Guard"/>
			<property name="description_key" value="Guard"/>
			<property name="icon" value="ui_game_symbol_zombie"/>
			<property name="category_key" value="quest"/>
			<property name="repeatable" value="true"/>
			<property name="difficulty" value="easy"/>
			<property name="offer_key" value="GuardR"/>

			<reward type="Item" id="GuardRabbit" value="1"/>			
		</quest>
		
		<quest id="GuardHellLion">
			<property name="name_key" value="GuardHellLion"/>
			<property name="subtitle_key" value="Get_Guard"/>
			<property name="description_key" value="Guard"/>
			<property name="icon" value="ui_game_symbol_zombie"/>
			<property name="category_key" value="quest"/>
			<property name="repeatable" value="true"/>
			<property name="difficulty" value="easy"/>
			<property name="offer_key" value="GuardHLion"/>

			<reward type="Item" id="GuardHellLion" value="1"/>			
		</quest>
		
		<quest id="GuardHellWolf">
			<property name="name_key" value="GuardHellWolf"/>
			<property name="subtitle_key" value="Get_Guard"/>
			<property name="description_key" value="Guard"/>
			<property name="icon" value="ui_game_symbol_zombie"/>
			<property name="category_key" value="quest"/>
			<property name="repeatable" value="true"/>
			<property name="difficulty" value="easy"/>
			<property name="offer_key" value="GuardHWolf"/>

			<reward type="Item" id="GuardHellWolf" value="1"/>			
		</quest>
		
		<quest id="GuardHellBoar">
			<property name="name_key" value="GuardHellBoar"/>
			<property name="subtitle_key" value="Get_Guard"/>
			<property name="description_key" value="Guard"/>
			<property name="icon" value="ui_game_symbol_zombie"/>
			<property name="category_key" value="quest"/>
			<property name="repeatable" value="true"/>
			<property name="difficulty" value="easy"/>
			<property name="offer_key" value="GuardHBoar"/>

			<reward type="Item" id="GuardHellBoar" value="1"/>			
		</quest>
		
		<quest id="GuardHellBear">
			<property name="name_key" value="GuardHellBear"/>
			<property name="subtitle_key" value="Get_Guard"/>
			<property name="description_key" value="Guard"/>
			<property name="icon" value="ui_game_symbol_zombie"/>
			<property name="category_key" value="quest"/>
			<property name="repeatable" value="true"/>
			<property name="difficulty" value="easy"/>
			<property name="offer_key" value="GuardHBear"/>

			<reward type="Item" id="GuardHellBear" value="1"/>			
		</quest>
		
		<quest id="PetBoar">
			<property name="name_key" value="Boar"/>
			<property name="subtitle_key" value="Get_PetBoar"/>
			<property name="description_key" value="Boar"/>
			<property name="icon" value="ui_game_symbol_zombie"/>
			<property name="category_key" value="quest"/>
			<property name="repeatable" value="true"/>
			<property name="difficulty" value="easy"/>
			<property name="offer_key" value="Boar"/>

			<reward type="Item" id="PetBoar" value="1"/>			
		</quest>

		<quest id="PetStag">
			<property name="name_key" value="Stag"/>
			<property name="subtitle_key" value="Get_PetStag"/>
			<property name="description_key" value="Stag"/>
			<property name="icon" value="ui_game_symbol_zombie"/>
			<property name="category_key" value="quest"/>
			<property name="repeatable" value="true"/>
			<property name="difficulty" value="easy"/>
			<property name="offer_key" value="Stag"/>

			<reward type="Item" id="PetStag" value="1"/>			
		</quest>		
		
		<quest id="PetPig">
			<property name="name_key" value="Pig"/>
			<property name="subtitle_key" value="Get_PetPig"/>
			<property name="description_key" value="Pig"/>
			<property name="icon" value="ui_game_symbol_zombie"/>
			<property name="category_key" value="quest"/>
			<property name="repeatable" value="true"/>
			<property name="difficulty" value="easy"/>
			<property name="offer_key" value="Pig"/>

			<reward type="Item" id="PetPig" value="1"/>			
		</quest>
		
		<quest id="PetBear">
			<property name="name_key" value="Bear"/>
			<property name="subtitle_key" value="Get_PetBear"/>
			<property name="description_key" value="Bear"/>
			<property name="icon" value="ui_game_symbol_zombie"/>
			<property name="category_key" value="quest"/>
			<property name="repeatable" value="true"/>
			<property name="difficulty" value="easy"/>
			<property name="offer_key" value="Bear"/>

			<reward type="Item" id="PetBear" value="1"/>			
		</quest>
		
		<quest id="PetWolf">
			<property name="name_key" value="Wolf"/>
			<property name="subtitle_key" value="Get_PetWolf"/>
			<property name="description_key" value="Wolf"/>
			<property name="icon" value="ui_game_symbol_zombie"/>
			<property name="category_key" value="quest"/>
			<property name="repeatable" value="true"/>
			<property name="difficulty" value="easy"/>
			<property name="offer_key" value="Wolf"/>

			<reward type="Item" id="PetWolf" value="1"/>			
		</quest>
		
		<quest id="PetCoyote">
			<property name="name_key" value="Coyote"/>
			<property name="subtitle_key" value="Get_PetCoyote"/>
			<property name="description_key" value="Coyote"/>
			<property name="icon" value="ui_game_symbol_zombie"/>
			<property name="category_key" value="quest"/>
			<property name="repeatable" value="true"/>
			<property name="difficulty" value="easy"/>
			<property name="offer_key" value="Coyote"/>

			<reward type="Item" id="PetCoyote" value="1"/>			
		</quest>
		
		<quest id="PetDoe">
			<property name="name_key" value="Doe"/>
			<property name="subtitle_key" value="Get_PetDoe"/>
			<property name="description_key" value="Doe"/>
			<property name="icon" value="ui_game_symbol_zombie"/>
			<property name="category_key" value="quest"/>
			<property name="repeatable" value="true"/>
			<property name="difficulty" value="easy"/>
			<property name="offer_key" value="Doe"/>

			<reward type="Item" id="PetDoe" value="1"/>			
		</quest>

		<quest id="GuardDogLead">
			<property name="name_key" value="GuardDogLead"/>
			<property name="subtitle_key" value="Get_Guard"/>
			<property name="description_key" value="Guard"/>
			<property name="icon" value="ui_game_symbol_zombie"/>
			<property name="category_key" value="quest"/>
			<property name="repeatable" value="true"/>
			<property name="difficulty" value="easy"/>
			<property name="offer_key" value="GuardDLead"/>

			<reward type="Item" id="GuardDogLead" value="1"/>			
		</quest>
		
		<quest id="GuardDogCoal">
			<property name="name_key" value="GuardDogCoal"/>
			<property name="subtitle_key" value="Get_Guard"/>
			<property name="description_key" value="Guard"/>
			<property name="icon" value="ui_game_symbol_zombie"/>
			<property name="category_key" value="quest"/>
			<property name="repeatable" value="true"/>
			<property name="difficulty" value="easy"/>
			<property name="offer_key" value="GuardDCoal"/>

			<reward type="Item" id="GuardDogCoal" value="1"/>			
		</quest>
		
		<quest id="GuardDogNitrate">
			<property name="name_key" value="GuardDogNitrate"/>
			<property name="subtitle_key" value="Get_Guard"/>
			<property name="description_key" value="Guard"/>
			<property name="icon" value="ui_game_symbol_zombie"/>
			<property name="category_key" value="quest"/>
			<property name="repeatable" value="true"/>
			<property name="difficulty" value="easy"/>
			<property name="offer_key" value="GuardDNitrate"/>

			<reward type="Item" id="GuardDogNitrate" value="1"/>			
		</quest>
		
		<quest id="GuardDogShale">
			<property name="name_key" value="GuardDogShale"/>
			<property name="subtitle_key" value="Get_Guard"/>
			<property name="description_key" value="Guard"/>
			<property name="icon" value="ui_game_symbol_zombie"/>
			<property name="category_key" value="quest"/>
			<property name="repeatable" value="true"/>
			<property name="difficulty" value="easy"/>
			<property name="offer_key" value="GuardDShale"/>

			<reward type="Item" id="GuardDogShale" value="1"/>			
		</quest>

		<quest id="GuardTurretStuner">
			<property name="name_key" value="GuardTurretStuner"/>
			<property name="subtitle_key" value="Get_Guard"/>
			<property name="description_key" value="Guard"/>
			<property name="icon" value="ui_game_symbol_zombie"/>
			<property name="category_key" value="quest"/>
			<property name="repeatable" value="true"/>
			<property name="difficulty" value="easy"/>
			<property name="offer_key" value="GuardTurretStuner"/>

			<reward type="Item" id="GuardTurretStuner" value="1"/>			
		</quest>
		
		<quest id="TurretGuardSim">
			<property name="name_key" value="TurretGuardSim"/>
			<property name="subtitle_key" value="Get_Guard"/>
			<property name="description_key" value="Guard"/>
			<property name="icon" value="ui_game_symbol_zombie"/>
			<property name="category_key" value="quest"/>
			<property name="repeatable" value="true"/>
			<property name="difficulty" value="easy"/>
			<property name="offer_key" value="TurretGSim"/>

			<reward type="Item" id="TurretGuardSim" value="1"/>			
		</quest>
		
		<quest id="GuardTurretFox">
			<property name="name_key" value="GuardTurretFox"/>
			<property name="subtitle_key" value="Get_Guard"/>
			<property name="description_key" value="Guard"/>
			<property name="icon" value="ui_game_symbol_zombie"/>
			<property name="category_key" value="quest"/>
			<property name="repeatable" value="true"/>
			<property name="difficulty" value="easy"/>
			<property name="offer_key" value="GTurretFox"/>

			<reward type="Item" id="GuardTurretFox" value="1"/>			
		</quest>
		
		<quest id="GuardTurretLizzy">
			<property name="name_key" value="GuardTurretLizzy"/>
			<property name="subtitle_key" value="Get_Guard"/>
			<property name="description_key" value="Guard"/>
			<property name="icon" value="ui_game_symbol_zombie"/>
			<property name="category_key" value="quest"/>
			<property name="repeatable" value="true"/>
			<property name="difficulty" value="easy"/>
			<property name="offer_key" value="GTurretLizzy"/>

			<reward type="Item" id="GuardTurretLizzy" value="1"/>			
		</quest>
		
		<quest id="GuardTurretDre">
			<property name="name_key" value="GuardTurretDre"/>
			<property name="subtitle_key" value="Get_Guard"/>
			<property name="description_key" value="Guard"/>
			<property name="icon" value="ui_game_symbol_zombie"/>
			<property name="category_key" value="quest"/>
			<property name="repeatable" value="true"/>
			<property name="difficulty" value="easy"/>
			<property name="offer_key" value="GTurretDre"/>

			<reward type="Item" id="GuardTurretDre" value="1"/>			
		</quest>
		
		<quest id="GuardTurretBandit">
			<property name="name_key" value="GuardTurretBandit"/>
			<property name="subtitle_key" value="Get_Guard"/>
			<property name="description_key" value="Guard"/>
			<property name="icon" value="ui_game_symbol_zombie"/>
			<property name="category_key" value="quest"/>
			<property name="repeatable" value="true"/>
			<property name="difficulty" value="easy"/>
			<property name="offer_key" value="GTurretBandit"/>

			<reward type="Item" id="GuardTurretBandit" value="1"/>			
		</quest>
		
		<quest id="GuardTurretBanditFoxy">
			<property name="name_key" value="GuardTurretBanditFoxy"/>
			<property name="subtitle_key" value="Get_Guard"/>
			<property name="description_key" value="Guard"/>
			<property name="icon" value="ui_game_symbol_zombie"/>
			<property name="category_key" value="quest"/>
			<property name="repeatable" value="true"/>
			<property name="difficulty" value="easy"/>
			<property name="offer_key" value="GTurretBanditFoxy"/>

			<reward type="Item" id="GuardTurretBanditFoxy" value="1"/>			
		</quest>
		
		<quest id="TurretGuardLeader">
			<property name="name_key" value="TurretGuardLeader"/>
			<property name="subtitle_key" value="Get_Guard"/>
			<property name="description_key" value="Guard"/>
			<property name="icon" value="ui_game_symbol_zombie"/>
			<property name="category_key" value="quest"/>
			<property name="repeatable" value="true"/>
			<property name="difficulty" value="easy"/>
			<property name="offer_key" value="TurretGLeader"/>

			<reward type="Item" id="TurretGuardLeader" value="1"/>			
		</quest>
		
		<quest id="TurretGuardCompoundBowMan">
			<property name="name_key" value="TurretGuardCompoundBowMan"/>
			<property name="subtitle_key" value="Get_Guard"/>
			<property name="description_key" value="Guard"/>
			<property name="icon" value="ui_game_symbol_zombie"/>
			<property name="category_key" value="quest"/>
			<property name="repeatable" value="true"/>
			<property name="difficulty" value="easy"/>
			<property name="offer_key" value="TurretGCompoundBowMan"/>

			<reward type="Item" id="TurretGuardCompoundBowMan" value="1"/>			
		</quest>		

	</append>	
</configs>